processor_id,manufacturer_id,processor_family_id,microarchitecture_id,code_name_id,technology_id,cache_on_id,cache_off_id,die_photo_id,model,date,clock,max_clock,hw_nthreadspercore,hw_ncores,tdp,source,bus_width,transistors,die_size,vdd_low,vdd_high
1,1,1,,,10,1,1,,Am386DX,,40.0,,1,1,,Horowitz spreadsheet,32,,,,
2,1,2,,1,9,2,1,,Am486,1993-03-01,40.0,,1,1,3.0,Horowitz spreadsheet,32,0.93,89,5.0,5.0
3,1,3,77,2,5,3,1,,550,,550.0,,1,1,,http://www.spec.org/cpu95/results/res99q3/cpu95-19990711-03744.html,,,,,
4,1,3,77,2,5,3,1,,600,1999-11-29,600.0,,1,1,,http://www.spec.org/cpu95/results/res99q3/cpu95-19990711-03746.html,,,,,
5,1,3,77,2,5,3,1,,650,,650.0,,1,1,,http://www.spec.org/cpu95/results/res99q3/cpu95-19990914-03866.html,,,,,
6,1,3,77,2,5,3,1,,750,1999-11-01,750.0,,1,1,,http://www.spec.org/cpu95/results/res99q4/cpu95-19991206-03938.html,,22.0,102,1.8,1.8
7,1,3,77,2,5,3,1,,800,,800.0,,1,1,,http://www.spec.org/cpu95/results/res2000q1/cpu95-20000229-04083.html,,,,,
8,1,3,77,2,5,3,1,,850,,850.0,,1,1,,http://www.spec.org/cpu95/results/res2000q1/cpu95-20000229-04084.html,,,,,
9,1,3,77,2,5,3,1,,900,,900.0,,1,1,,http://www.spec.org/cpu95/results/res2000q2/cpu95-20000328-04179.html,,,,,
10,1,3,77,3,5,4,1,,1000,2000-05-01,1000.0,,1,1,49.0,http://www.spec.org/cpu2000/results/res2001q1/cpu2000-20010214-00461.html,32,37.0,120,1.8,1.8
11,1,3,77,3,5,4,1,,1100,,1100.0,,1,1,,http://www.spec.org/cpu2000/results/res2000q3/cpu2000-20000814-00180.html,,,,,
12,1,3,77,3,5,4,1,,1200,,1200.0,,1,1,,http://www.spec.org/cpu2000/results/res2000q4/cpu2000-20001204-00426.html,,,,,
13,1,3,77,3,5,4,1,,1300,,1300.0,,1,1,,http://www.spec.org/cpu2000/results/res2001q1/cpu2000-20010311-00523.html,,,,,
14,1,3,77,3,5,4,1,,1333,,1333.0,,1,1,,http://www.spec.org/cpu2000/results/res2001q1/cpu2000-20010311-00525.html,,,,,
15,1,3,77,3,5,4,1,,1400,2001-06-01,1400.0,,1,1,56.0,http://www.spec.org/cpu2000/results/res2001q2/cpu2000-20010519-00650.html,,,120,1.8,1.8
16,1,4,7,,3,3,1,,2100+,,1200.0,,1,1,,http://www.spec.org/cpu2006/results/res2008q1/cpu2006-20080102-02943.html,,,,,
17,1,4,7,4,4,3,1,,3000+,,2000.0,,1,1,89.0,http://products.amd.com/en-us/DesktopCPUDetail.aspx?id=129&f1=AMD+Athlon%E2%84%A2&f2=3000+&f3=2000&f4=512&f5=754&f6=CG&f7=130nm+SOI&f8=89+W&f9=1600&f10=False&f11=False&f12=False,64,,,1.5,1.5
18,1,4,7,4,4,5,1,,3200+,,2000.0,,1,1,,http://www.spec.org/cpu2000/results/res2003q3/cpu2000-20030908-02471.html,,,,,
19,1,4,7,4,4,5,1,,3500+,,2600.0,,1,1,,http://www.spec.org/cpu2000/results/res2006q4/cpu2000-20060918-07371.html,,,,,
20,1,4,7,5,4,5,1,,FX-51,,2200.0,,1,1,,http://www.spec.org/cpu2000/results/res2003q3/cpu2000-20030908-02472.html,,,,,
21,1,4,7,5,4,5,1,,FX-53,,2400.0,,1,1,,http://www.spec.org/cpu2000/results/res2004q3/cpu2000-20040905-03374.html,,,,,
22,1,4,7,4,4,5,1,,FX-55,2004-06-01,2600.0,,1,1,89.0,Horowitz spreadsheet,,105.9,193,1.5,1.5
23,1,4,7,6,3,5,1,,FX-57,2005-06-01,2800.0,,1,1,104.0,Horowitz spreadsheet,,114.0,115,1.4,1.4
24,1,4,7,7,3,6,1,,FX-60,2006-01-01,2600.0,,1,2,110.0,spec website,64,233.0,199,1.3,1.35
25,1,4,7,8,3,6,1,,FX-62,2006-07-01,2800.0,,1,2,125.0,spec website,64,243.0,220,1.35,1.35
26,1,5,7,9,3,7,1,,4200+,2005-05-31,2200.0,,1,2,,http://www.spec.org/cpu2000/results/res2006q3/cpu2000-20060725-06864.html,,,,,
27,1,5,7,10,2,7,1,,5000+,2006-06-01,2600.0,,1,2,65.0,Horowitz spreadsheet,64,154.0,126,1.25,1.25
28,1,5,7,10,2,7,1,,6000+,2007-02-01,3100.0,,1,2,125.0,spec website,64,227.0,220,1.3,1.35
29,1,5,7,10,2,6,1,,6400+,2007-08-01,3200.0,,1,2,125.0,spec website,64,227.0,230,1.35,1.4
30,1,5,7,11,2,7,1,,TK-42,2007-08-20,1600.0,,1,2,20.0,http://www.cpu-world.com/CPUs/K8/AMD-Athlon%2064%20X2%203000%2B%20-%20ADE3000HAX5DC.html,,,,1.075,1.125
31,1,5,,12,2,7,1,,QL-65,2008-10-01,2100.0,,1,2,35.0,http://products.amd.com/en-us/NotebookCPUDetail.aspx?id=529&f1=&f2=&f3=&f4=&f5=&f6=&f7=&f8=&f9=,64,,,0.95,1.1
32,1,6,,13,1,7,1,,635,,2900.0,,1,4,95.0,http://products.amd.com/en-us/DesktopCPUDetail.aspx?id=625,64,,,0.85,1.25
33,1,7,6,14,5,4,1,,1200,,1200.0,,1,1,,http://www.spec.org/cpu2000/results/res2001q2/cpu2000-20010519-00651.html,,,,,
34,1,7,6,14,5,4,1,,1500+,,1333.0,,1,1,,http://www.spec.org/cpu2000/results/res2001q4/cpu2000-20011008-01026.html,,,,,
35,1,7,6,14,5,4,1,,1600+,,1400.0,,1,1,,http://www.spec.org/cpu2000/results/res2001q4/cpu2000-20011008-01028.html,,,,,
36,1,7,6,14,5,4,1,,1800+,,1533.0,,1,1,,http://www.spec.org/cpu2000/results/res2001q4/cpu2000-20011008-01011.html,,,,,
37,1,7,6,14,5,4,1,,2000+,,1667.0,,1,1,,http://www.spec.org/cpu2000/results/res2002q1/cpu2000-20020311-01270.html,,,,,
38,1,7,6,14,5,4,1,,2100+,,1733.0,,1,1,,http://www.spec.org/cpu2000/results/res2002q2/cpu2000-20020603-01397.html,,,,,
39,1,7,6,15,4,4,1,,2200+,,1800.0,,1,1,,http://www.spec.org/cpu2000/results/res2002q3/cpu2000-20020812-01546.html,,,,,
40,1,7,6,15,4,4,1,,2400+,,2000.0,,1,1,,http://www.spec.org/cpu2000/results/res2002q4/cpu2000-20021118-01838.html,,,,,
41,1,7,6,15,4,4,1,,2600+,,2133.0,,1,1,,http://www.spec.org/cpu2000/results/res2003q1/cpu2000-20030210-01945.html,,,,,
42,1,8,7,16,2,8,1,,7550,2008-12-01,2500.0,,1,2,95.0,spec website,64,450.0,285,1.05,1.325
43,1,8,7,16,2,8,1,,7750,,2700.0,,1,2,95.0,spec website,64,463.0,285,,
44,1,9,6,14,5,4,1,,1500+,,1333.0,,1,1,,http://www.spec.org/cpu2000/results/res2001q4/cpu2000-20011008-01018.html,,,,,
45,1,9,6,14,5,4,1,,1600+,,1400.0,,1,1,,http://www.spec.org/cpu2000/results/res2001q4/cpu2000-20011008-01020.html,,,,,
46,1,9,6,14,5,4,1,,1700+,,1466.0,,1,1,,http://www.spec.org/cpu2000/results/res2001q4/cpu2000-20011008-01007.html,,,,,
47,1,9,6,14,5,4,1,,1800+,,1533.0,,1,1,,http://www.spec.org/cpu2000/results/res2001q4/cpu2000-20011008-01009.html,,,,,
48,1,9,6,14,5,4,1,,1900+,,1600.0,,1,1,,http://www.spec.org/cpu2000/results/res2001q4/cpu2000-20011022-01057.html,,,,,
49,1,9,6,14,5,4,1,,2000+,,1667.0,,1,1,,http://www.spec.org/cpu2000/results/res2002q1/cpu2000-20020114-01202.html,,,,,
50,1,9,6,14,5,4,1,,2100+,,1733.0,,1,1,,http://www.spec.org/cpu2000/results/res2002q2/cpu2000-20020422-01326.html,,,,,
51,1,9,6,15,4,4,1,,2200+,2002-06-01,1800.0,,1,1,62.0,http://www.spec.org/cpu2000/results/res2002q3/cpu2000-20020701-01441.html,,37.2,85,1.5,1.5
52,1,9,6,15,4,4,1,,2400+,,2000.0,,1,1,,http://www.spec.org/cpu2000/results/res2002q3/cpu2000-20020812-01548.html,,,,,
53,1,9,6,15,4,4,1,,2600+,,2133.0,,1,1,,http://www.spec.org/cpu2000/results/res2002q3/cpu2000-20020812-01551.html,,,,,
54,1,9,6,15,4,4,1,,2700+,,2166.0,,1,1,,http://www.spec.org/cpu2000/results/res2002q4/cpu2000-20020923-01689.html,,,,,
55,1,9,6,15,4,4,1,,2800+,,2250.0,,1,1,,http://www.spec.org/cpu2000/results/res2002q4/cpu2000-20020923-01691.html,,,,,
56,1,9,6,17,4,3,1,,3000+,2003-02-01,2167.0,,1,1,74.3,Horowitz spreadsheet,,54.3,101,1.5,1.5
57,1,9,6,17,4,3,1,,3200+,,2200.0,,1,1,,http://www.spec.org/cpu2000/results/res2003q2/cpu2000-20030505-02154.html,,,,,
58,1,10,2,18,9,9,1,1,,1996-03-27,75.0,,1,1,,Horowitz spreadsheet,32,4.3,251,3.52,3.52
59,1,10,2,18,9,9,1,1,,1996-03-27,90.0,,1,1,11.0,Horowitz spreadsheet,32,4.3,251,3.52,3.52
60,1,11,3,19,8,10,1,2,,1997-04-01,233.0,,1,1,17.0,Horowitz spreadsheet,32,8.8,157,3.2,3.3
61,1,11,3,20,6,10,1,,,1998-04-01,300.0,,1,1,9.5,Horowitz spreadsheet,32,8.8,68,2.2,2.2
62,1,12,4,21,6,10,1,3,,1998-05-01,333.0,,1,1,11.4,Horowitz spreadsheet,32,9.3,81,2.4,2.4
63,1,12,4,22,6,10,1,,,1998-11-01,400.0,,1,1,13.6,Horowitz spreadsheet,32,,81,2.4,2.4
64,1,12,4,22,6,10,1,,,1998-11-01,500.0,,1,1,,Horowitz spreadsheet,32,,,,
65,1,13,5,23,7,11,1,4,,1999-02-01,450.0,,1,1,17.1,Horowitz spreadsheet,32,21.3,135,2.4,2.4
66,1,14,,5,4,5,1,,140,,1400.0,,1,1,,http://www.spec.org/cpu2000/results/res2003q2/cpu2000-20030421-02103.html,,,,,
67,1,14,,5,4,5,1,,142,,1600.0,,1,1,,http://www.spec.org/cpu2000/results/res2003q2/cpu2000-20030421-02102.html,,,,,
68,1,14,7,5,4,5,1,,144,2003-04-01,1800.0,,1,1,89.0,Horowitz spreadsheet,64,105.9,193,1.55,1.55
69,1,14,7,5,4,5,1,,146,2003-09-01,2000.0,,1,1,89.0,spec website,64,106.0,193,1.4,1.5
70,1,14,,5,4,5,1,,148,,2200.0,,1,1,,http://www.spec.org/cpu2000/results/res2003q4/cpu2000-20031117-02626.html,,,,,
71,1,14,,5,4,5,1,,150,,2400.0,,1,1,,http://www.spec.org/cpu2000/results/res2004q2/cpu2000-20040503-02999.html,,,,,
72,1,14,,24,3,5,1,,152,,2600.0,,1,1,,http://www.spec.org/cpu2000/results/res2005q3/cpu2000-20050725-04400.html,,,,,
73,1,14,,24,3,5,1,,154,,2800.0,,1,1,,http://www.spec.org/cpu2000/results/res2005q3/cpu2000-20050819-04517.html,,,,,
74,1,14,7,24,3,5,1,,156,,3000.0,,1,1,,spec website,,,,,
75,1,14,,25,3,5,1,,185,,2600.0,,1,1,,http://www.spec.org/cpu2000/results/res2006q1/cpu2000-20060220-05629.html,,,,,
76,1,14,,5,4,5,1,,246,,2000.0,,1,1,,http://www.spec.org/cpu2000/results/res2005q4/cpu2000-20051031-05010.html,,,,,
77,1,14,,5,4,5,1,,248,,2200.0,,1,1,,http://www.spec.org/cpu2000/results/res2003q4/cpu2000-20031201-02672.html,,,,,
78,1,14,,5,4,5,1,,250,,2400.0,,1,1,,http://www.spec.org/cpu2000/results/res2006q2/cpu2000-20060418-05875.html,,,,,
79,1,14,,26,3,5,1,,252,,2600.0,,1,1,,http://www.spec.org/cpu2000/results/res2005q3/cpu2000-20050724-04391.html,,,,,
80,1,14,7,26,3,5,1,,254,,2800.0,,1,1,92.6,spec website,64,106.0,115,1.35,1.4
81,1,14,7,26,3,5,1,,256,,3000.0,,1,1,92.6,spec website,64,106.0,115,1.35,1.4
82,1,14,,27,3,6,1,,265,,1800.0,,1,2,,http://www.spec.org/cpu2000/results/res2006q2/cpu2000-20060401-05815.html,,,,,
83,1,14,,27,3,6,1,,275,,2200.0,,1,2,,http://www.spec.org/cpu2000/results/res2005q3/cpu2000-20050711-04360.html,,,,,
84,1,14,,27,3,6,1,,280,,2400.0,,1,2,,http://www.spec.org/cpu2000/results/res2006q1/cpu2000-20060120-05402.html,,,,,
85,1,14,,27,3,6,1,,285,,2600.0,,1,2,,http://www.spec.org/cpu2000/results/res2006q1/cpu2000-20060306-05682.html,,,,,
86,1,14,,5,4,6,1,,850,,2400.0,,1,2,,http://www.spec.org/cpu2000/results/res2004q3/cpu2000-20040905-03382.html,,,,,
87,1,14,,28,3,6,1,,852,,2600.0,,1,2,,http://www.spec.org/cpu2000/results/res2005q1/cpu2000-20050211-03843.html,,,,,
88,1,14,,28,3,6,1,,854,,2800.0,,1,2,,http://www.spec.org/cpu2000/results/res2005q3/cpu2000-20050902-04620.html,,,,,
89,1,14,,28,3,6,1,,856,,3000.0,,1,2,,http://www.spec.org/cpu2000/results/res2006q3/cpu2000-20060710-06477.html,,,,,
90,1,14,,29,3,6,1,,880,,2400.0,,1,2,,http://www.spec.org/cpu2000/results/res2005q3/cpu2000-20050902-04633.html,,,,,
91,1,14,,29,3,6,1,,885,,2600.0,,1,2,,http://www.spec.org/cpu2000/results/res2006q1/cpu2000-20060306-05708.html,,,,,
92,1,14,7,29,3,6,1,,890,,2800.0,,1,2,95.0,spec website,64,233.0,199,1.3,1.35
93,1,14,,30,3,6,1,,1210,,1800.0,,1,2,,http://www.spec.org/cpu2000/results/res2006q4/cpu2000-20060918-07354.html,,,,,
94,1,14,,30,3,6,1,,1212,,2000.0,,1,2,,http://www.spec.org/cpu2000/results/res2006q4/cpu2000-20060918-07365.html,,,,,
95,1,14,,30,3,6,1,,1214,,2200.0,,1,2,,http://www.spec.org/cpu2000/results/res2006q4/cpu2000-20060918-07361.html,,,,,
96,1,14,,30,3,6,1,,1216,,2400.0,,1,2,,http://www.spec.org/cpu2000/results/res2006q4/cpu2000-20060918-07357.html,,,,,
97,1,14,7,30,3,6,1,,1218,2006-08-01,2600.0,,1,2,103.0,Horowitz spreadsheet,64,227.4,230,1.3,1.35
98,1,14,,30,3,6,1,,1220,,2800.0,,1,2,,http://www.spec.org/cpu2000/results/res2006q3/cpu2000-20060815-07001.html,,,,,
99,1,14,7,31,2,8,1,,1352,2008-04-01,2100.0,,1,4,95.0,Horowitz spreadsheet,64,463.0,,,1.2
100,1,14,7,31,2,8,1,,1354,2008-04-01,2200.0,,1,4,95.0,Horowitz spreadsheet,64,463.0,,,1.2
101,1,14,7,31,2,8,1,,1356,2008-04-01,2300.0,,1,4,95.0,Horowitz spreadsheet,64,463.0,,,1.2
102,1,14,7,32,3,6,1,,2210,2006-08-01,1800.0,,1,2,95.0,Horowitz spreadsheet,64,227.4,230,1.3,1.35
103,1,14,7,32,3,6,1,,2212,2006-08-01,2000.0,,1,2,95.0,Horowitz spreadsheet,64,227.4,230,1.3,1.35
104,1,14,7,32,3,6,1,,2214,2006-08-01,2200.0,,1,2,95.0,Horowitz spreadsheet,64,227.4,230,1.3,1.35
105,1,14,7,32,3,6,1,,2216,2006-08-01,2400.0,,1,2,95.0,Horowitz spreadsheet,64,227.4,230,1.3,1.35
106,1,14,7,32,3,6,1,,2218,2006-08-01,2600.0,,1,2,95.0,Horowitz spreadsheet,64,227.4,230,1.3,1.35
107,1,14,7,32,3,6,1,,2220,2007-02-01,2800.0,,1,2,95.0,spec website,64,227.4,230,1.3,1.35
108,1,14,7,32,3,6,1,,2222,2007-08-01,3000.0,,1,2,95.0,spec website,64,227.4,230,1.3,1.35
109,1,14,7,33,2,8,1,,2350,2007-09-01,2000.0,,1,4,95.0,Horowitz spreadsheet,64,463.0,285,,1.2
110,1,14,7,33,2,8,1,,2356,2008-04-01,2300.0,,1,4,95.0,Horowitz spreadsheet,64,463.0,285,,1.2
111,1,14,7,34,1,12,1,,2384,2008-11-01,2700.0,,1,4,115.0,spec website,64,,,,1.35
112,1,14,7,34,1,12,1,,2389,2009-04-01,2900.0,,1,4,115.0,Horowitz spreadsheet,64,,,,1.325
113,1,14,7,35,1,12,1,,2435,2009-06-01,2600.0,,1,6,115.0,spec website,64,904.0,346,,1.3
114,1,14,7,32,3,6,1,,8220,2007-02-01,2800.0,,1,2,120.0,Horowitz spreadsheet,64,243.0,220,1.375,1.375
115,1,14,7,32,3,6,1,,8222,2007-08-05,3000.0,,1,2,120.0,Horowitz spreadsheet,64,243.0,220,1.375,1.375
116,1,14,7,33,2,8,1,,8350,2007-09-10,2000.0,,1,4,75.0,Horowitz spreadsheet,64,463.0,285,1.2,1.2
117,1,14,7,5,4,6,1,,140 EE,,1400.0,,1,1,,http://www.spec.org/cpu2000/results/res2004q1/cpu2000-20040209-02852.html,,,,,
118,1,14,7,5,4,6,1,,146 HE,,2000.0,,1,1,,http://www.spec.org/cpu2000/results/res2004q1/cpu2000-20040209-02854.html,,,,,
119,1,14,7,32,3,6,1,,2220-SE,2006-08-01,2800.0,,1,2,119.0,http://www.spec.org/cpu2000/results/res2006q3/cpu2000-20060721-06574.html,64,,,1.325,1.375
120,1,14,7,32,3,6,1,,2222-SE,2007-04-01,3000.0,,1,2,119.0,spec website,64,,,1.325,1.375
121,1,14,7,33,2,8,1,,2360-SE,2008-04-01,2500.0,,1,4,119.0,Horowitz spreadsheet,64,463.0,285,,
122,1,14,7,35,1,12,1,,2439-SE,2009-07-01,2800.0,,1,6,137.0,Horowitz spreadsheet,64,,,,1.3
123,1,15,1,36,1,12,1,,710,2009-02-01,2600.0,,1,3,95.0,spec website,64,758.0,258,0.875,1.425
124,1,15,1,36,1,12,1,,720,2009-02-01,2800.0,,1,3,95.0,spec website,64,758.0,258,0.875,1.425
125,1,16,1,37,1,13,1,,805,2009-02-01,2500.0,,1,4,95.0,spec website,64,758.0,258,0.875,1.425
126,1,16,1,37,1,13,1,,810,2009-02-01,2600.0,,1,4,95.0,merged,64,758.0,258,0.875,1.425
127,1,16,1,37,1,12,1,,910,2009-02-01,2600.0,,1,4,95.0,merged,64,758.0,258,0.875,1.425
128,1,16,1,37,1,12,1,,920,2009-01-01,2800.0,,1,4,125.0,spec website,64,758.0,258,0.875,1.425
129,1,16,1,37,1,12,1,,925,2009-05-01,2800.0,,1,4,95.0,spec website,64,758.0,258,0.85,1.425
130,1,16,1,37,1,12,1,,940,2009-01-01,3000.0,,1,4,125.0,spec website,64,758.0,258,0.875,1.425
131,1,16,1,37,1,12,1,,955,2009-08-01,3200.0,,1,4,125.0,spec website,64,758.0,258,0.85,1.4
132,1,17,1,38,2,8,1,,8750,2008-04-01,2400.0,,1,3,95.0,spec website,64,463.0,283,1.2,1.25
133,1,18,1,39,2,8,1,,9750,2008-03-27,2400.0,,1,4,95.0,http://products.amd.com/en-gb/desktopcpudetail.aspx?id=401,64,463.0,285,1.15,1.25
134,1,18,1,39,2,8,1,,9850,2008-07-01,2500.0,,1,4,125.0,merged,64,463.0,283,1.2,1.3
135,1,18,1,39,2,8,1,,9950,2008-07-01,2600.0,,1,4,140.0,merged,64,463.0,283,1.25,1.3
136,1,18,1,39,2,8,1,,9350e,2008-07-01,2000.0,,1,4,65.0,merged,64,463.0,283,1.075,1.125
137,1,19,7,40,3,6,1,,MT-40,2005-08-01,2200.0,,1,1,25.0,Horowitz spreadsheet,64,114.0,125,1.2,1.2
138,1,20,7,41,3,7,1,,TL-56,,1800.0,,1,2,,spec website,,,,,
139,1,20,7,11,2,7,1,,TL-60,2007-06-01,2000.0,,1,2,31.0,merged,64,153.8,126,1.125,1.125
140,20,21,,42,,10,1,,BRCM 5000,,1300.0,,2,,,www.broadcom.com/docs/articles/MPR_11-22-10.pdf,32,,1,,
141,2,22,,,13,1,1,,CY7C601,1990-06-01,40.0,,1,1,3.0,Horowitz spreadsheet,32,0.08,64,5.0,5.0
142,21,23,,,93,2,1,,,1993-01-01,100.0,,1,1,,Horowitz spreadsheet,32,1.1,196,5.0,5.0
143,21,24,,,93,14,1,,,1992-01-01,33.0,,1,1,,Horowitz spreadsheet,32,0.6,108,5.0,5.0
144,21,25,,,93,15,1,,,1995-06-01,120.0,,1,1,3.0,Horowitz spreadsheet,32,2.0,144,3.3,3.3
145,21,26,,43,43,15,1,5,,1996-02-01,120.0,,1,1,12.0,http://www.sandpile.org/impl/m1.htm,32,3.0,210,3.3,3.3
146,21,26,,44,41,16,1,6,,1997-05-01,188.0,,1,1,13.0,Horowitz spreadsheet,32,6.5,197,2.9,2.9
147,21,27,,45,109,17,1,,,2000-02-01,450.0,,1,1,16.0,http://sandpile.org/impl/m2c3.htm,32,22.0,76,2.2,2.2
148,3,28,8,46,14,18,19,7,,1992-10-01,100.0,,1,1,30.0,http://www.spec.org/cpu95/results/res9509/p019.html,64,1.68,234,3.3,3.3
149,3,28,8,46,14,18,20,7,,1992-10-01,125.0,,1,1,30.0,http://performance.netlib.org/performance/html/spec.dec300lx.cint92.6_94.notes.html#{Digital Equipment Corporation DEC 3000 Model 300LX 125MHz 21064},64,1.68,234,3.3,3.3
150,3,28,8,46,14,18,19,7,,1992-10-01,150.0,,1,1,30.0,http://www.spec.org/cpu95/results/res9509/p015.html,64,1.68,234,3.3,3.3
151,3,28,8,46,14,18,1,7,,1992-10-01,166.0,,1,1,30.0,http://www.spec.org/cpu95/results/res9509/p020.html,64,1.68,234,3.3,3.3
152,3,28,8,46,14,18,20,7,,1992-10-01,175.0,,1,1,30.0,http://performance.netlib.org/performance/html/spec.dec300x.cint92.6_94.notes.html#{Digital Equipment Corporation DEC 3000 Model 300X 175MHz 21064},64,1.68,234,3.3,3.3
153,3,28,8,46,14,18,21,7,,1992-10-01,190.0,,1,1,30.0,http://performance.netlib.org/performance/html/spec.dec42003.cint92.12_94.notes.html#{Digital Equipment Corporation AlphaServer 2100 4/200 190Mhz 21064},64,1.68,234,3.3,3.3
154,3,28,8,46,14,18,1,7,,1992-10-01,200.0,,1,1,30.0,Horowitz spreadsheet,64,1.68,234,3.3,3.3
155,3,29,,47,16,22,23,8,,1994-06-01,225.0,,1,1,33.0,http://www.spec.org/cpu95/results/res9509/p016.html,64,2.85,164,3.3,3.3
156,3,29,,47,16,22,19,8,,1994-06-01,233.0,,1,1,33.0,http://www.spec.org/cpu95/results/res9509/p021.html,64,2.85,164,3.3,3.3
157,3,29,,47,16,22,23,8,,1994-06-01,266.0,,1,1,33.0,http://www.spec.org/cpu95/results/res96q1/cpu95-960205-00293.html,64,2.85,164,3.3,3.3
158,3,29,,47,16,22,23,8,,1994-06-01,275.0,,1,1,33.0,http://www.spec.org/cpu95/results/res9509/p017.html,64,2.85,164,3.3,3.3
159,3,29,,47,16,22,1,8,,1994-06-01,300.0,,1,1,33.0,Horowitz spreadsheet,64,2.85,164,3.3,3.3
160,3,30,,48,,18,21,,,1995-09-01,231.0,,1,1,23.0,http://performance.netlib.org/performance/html/spec.dvme230i.cint92.12_95.notes.html#{Digital Equipment Corporation Digital AXPvme230 231Mhz 21066A},64,1.8,161,3.3,3.3
161,3,30,,48,,18,21,,,1995-09-01,233.0,,1,1,23.0,http://performance.netlib.org/performance/html/spec.dpci33i.cint92.12_95.notes.html#{Digital Equipment Corporation Digital AXPpci33 233Mhz 21066A},64,1.8,161,3.3,3.3
162,3,30,,48,,18,19,,,1995-09-01,99.0,,1,1,23.0,http://performance.netlib.org/performance/html/spec.dvme100i.cint92.12_95.notes.html#{Digital Equipment Corporation Digital AXPvme100 99Mhz 21066A},64,1.8,161,3.3,3.3
163,3,31,9,49,16,24,25,9,,1994-09-07,250.0,,1,1,46.0,http://www.spec.org/cpu95/results/res9509/p018.html,64,9.3,299,3.3,3.3
164,3,31,9,49,16,24,26,9,,1994-09-07,266.0,,1,1,46.0,http://www.spec.org/cpu95/results/res96q3/cpu95-960708-01016.html,64,9.3,299,3.3,3.3
165,3,31,9,49,16,24,25,9,,1994-09-07,291.0,,1,1,51.0,http://www.spec.org/cpu95/results/res9512/p020.html,64,9.3,299,3.3,3.3
166,3,31,9,49,16,24,1,9,,1994-09-07,300.0,,1,1,51.0,Horowitz spreadsheet,64,9.3,299,3.3,3.3
167,3,31,9,49,16,24,26,9,,1994-09-07,333.0,,1,1,56.0,http://www.spec.org/cpu95/results/res96q2/cpu95-960610-00914.html,64,9.3,299,3.3,3.3
168,3,31,9,49,16,24,25,9,,1994-09-07,350.0,,1,1,56.0,http://www.spec.org/cpu95/results/res96q1/cpu95-960205-00217.html,64,9.3,299,3.3,3.3
169,3,32,,50,17,24,26,10,,1995-10-01,352.0,,1,1,31.0,http://www.spec.org/cpu95/results/res98q1/cpu95-980302-02548.html,64,9.66,209,2.5,2.5
170,3,32,,50,17,24,27,10,,1995-10-01,374.0,,1,1,,http://www.spec.org/cpu95/results/res96q4/cpu95-961014-01337.html,64,9.66,209,2.5,2.5
171,3,32,,50,17,24,25,10,,1995-10-01,400.0,,1,1,,http://www.spec.org/cpu95/results/res96q4/cpu95-960912-01305.html,64,9.66,209,2.5,2.5
172,3,32,,50,17,24,26,10,,1995-10-01,433.0,,1,1,,http://www.spec.org/cpu95/results/res97q2/cpu95-970423-01815.html,64,9.66,209,2.5,2.5
173,3,32,,50,17,24,25,10,,1995-10-01,437.0,,1,1,,http://www.spec.org/cpu95/results/res96q3/cpu95-960805-01150.html,64,9.66,209,2.5,2.5
174,3,32,,50,17,24,25,10,,1995-10-01,466.0,,1,1,,http://www.spec.org/cpu95/results/res97q1/cpu95-970207-01661.html,64,9.66,209,2.5,2.5
175,3,32,,50,17,24,26,10,,1995-10-01,480.0,,1,1,,http://www.spec.org/cpu95/results/res98q1/cpu95-980302-02551.html,64,9.66,209,2.5,2.5
176,3,32,,50,17,24,27,10,,1995-10-01,500.0,,1,1,,http://www.spec.org/cpu2000/results/res1999q4/cpu2000-19991130-00005.html,64,9.66,209,2.5,2.5
177,3,32,,50,17,24,25,10,,1995-10-01,533.0,,1,1,,http://www.spec.org/cpu2000/results/res1999q4/cpu2000-19991130-00015.html,64,9.66,209,2.5,2.5
178,3,32,,50,17,24,27,10,,1995-10-01,600.0,,1,1,,http://www.spec.org/cpu95/results/res97q4/cpu95-971013-02186.html,64,9.66,209,2.5,2.5
179,3,32,,50,17,24,25,10,,1995-10-01,612.0,,1,1,55.0,http://www.spec.org/cpu95/results/res97q4/cpu95-971010-02162.html,64,9.66,209,2.5,2.5
180,3,32,,50,17,24,25,10,,1995-10-01,767.0,,1,1,,http://www.spec.org/cpu95/results/res98q3/cpu95-980701-02840.html,64,9.66,209,2.5,2.5
181,3,33,,51,16,28,1,,,1997-03-17,533.0,,1,1,35.0,http://en.wikipedia.org/wiki/Alpha_21164#Alpha_21164_.28EV56.29,64,3.5,141,3.3,3.3
182,3,33,,52,90,29,1,,,1998-11-01,600.0,,1,1,20.0,http://en.wikipedia.org/wiki/Alpha_21164#Alpha_21164_.28EV56.29,64,5.7,101,2.5,2.5
183,3,34,10,53,18,30,23,,,1998-02-01,466.0,,1,1,80.0,http://www.spec.org/cpu95/results/res99q2/cpu95-19990524-03672.html,64,15.2,314,2.1,2.3
184,3,34,10,53,18,30,23,,,1998-02-01,500.0,,1,1,91.0,Horowitz spreadsheet,64,15.2,314,2.1,2.3
185,3,34,10,53,18,30,31,,,1998-02-01,525.0,,1,1,95.0,http://www.spec.org/cpu95/results/res98q3/cpu95-980914-03070.html,64,15.2,314,2.1,2.3
186,3,34,10,53,18,30,31,,,1998-02-01,575.0,,1,1,100.0,http://www.spec.org/cpu95/results/res98q3/cpu95-980720-03001.html,64,15.2,314,2.1,2.3
187,3,35,,54,89,30,23,,,1999-12-01,616.0,,1,1,70.0,http://www.spec.org/cpu2000/results/res2000q3/cpu2000-20000630-00134.html,64,15.2,210,2.0,2.0
188,3,35,,54,89,30,31,,,1999-12-01,667.0,,1,1,73.0,http://www.spec.org/cpu95/results/res99q3/cpu95-19990621-03709.html,64,15.2,210,2.0,2.0
189,3,35,,54,89,30,32,,,1999-12-01,700.0,,1,1,,http://www.spec.org/cpu95/results/res99q3/cpu95-19990830-03821.html,64,15.2,210,2.0,2.0
190,3,35,,54,89,30,31,,,1999-12-01,731.0,,1,1,,http://www.spec.org/cpu2000/results/res2000q2/cpu2000-20000511-00103.html,64,15.2,210,2.0,2.0
191,3,35,,54,89,30,32,,,1999-12-01,750.0,,1,1,,http://www.spec.org/cpu95/results/res2000q3/cpu95-20000630-04279.html,64,15.2,210,2.0,2.0
192,3,35,,54,89,30,32,,,1999-12-01,833.0,,1,1,100.0,http://www.spec.org/cpu95/results/res2000q3/cpu95-20000630-04281.html,64,15.2,210,2.0,2.0
193,3,36,,55,88,30,32,,,2001-02-01,833.0,,1,1,65.0,http://www.spec.org/cpu95/results/res2000q3/cpu95-20000630-04265.html,64,15.2,125,1.7,1.7
194,3,37,,56,39,30,32,,,2001-06-01,1000.0,,1,1,64.0,http://www.spec.org/cpu2000/results/res2001q4/cpu2000-20011022-01046.html,64,15.5,120,1.7,1.7
195,3,37,,56,39,30,32,,,2001-06-01,1001.0,,1,1,64.0,http://www.spec.org/cpu2000/results/res2001q3/cpu2000-20010618-00702.html,64,15.5,120,1.7,1.7
196,3,37,,56,39,30,33,,,2001-06-01,1224.0,,1,1,,http://www.spec.org/cpu2000/results/res2002q4/cpu2000-20021104-01765.html,64,15.5,120,1.7,1.7
197,3,37,,56,39,30,33,,,2001-06-01,1250.0,,1,1,75.0,http://www.spec.org/cpu2000/results/res2002q4/cpu2000-20021104-01757.html,64,15.5,120,1.7,1.7
198,3,38,11,57,39,34,1,11,,2002-01-01,1000.0,,1,1,125.0,http://www.spec.org/cpu2000/results/res2003q1/cpu2000-20030113-01900.html,64,130.0,397,1.5,1.5
199,3,38,11,57,39,35,1,11,,2002-01-01,1150.0,,1,1,125.0,Horowitz spreadsheet,64,130.0,397,1.5,1.5
200,3,38,,58,39,34,1,,,2004-08-16,1300.0,,1,1,125.0,http://www.spec.org/cpu2000/results/res2004q3/cpu2000-20040622-03150.html,64,130.0,397,1.5,1.5
201,4,39,,59,20,9,1,,,1995-06-01,110.0,,1,1,,http://www.spec.org/cpu95/results/res96q1/cpu95-960228-00489.html,,,233,3.3,3.3
202,4,39,,59,19,9,1,,,1994-06-01,60.0,,1,1,,http://performance.netlib.org/performance/html/spec.sun60mcr.cint92.6_94.notes.html#{Sun Microsystems Inc. SPARCstation Voyager 60Mhz microSPARC II},32,2.3,233,3.3,3.3
203,4,39,,59,19,9,1,,,1994-06-01,70.0,,1,1,,http://performance.netlib.org/performance/html/spec.sun60mcr.cint92.6_94.notes.html#{Sun Microsystems Inc. SPARCstation Voyager 60Mhz microSPARC II},32,2.3,233,3.3,3.3
204,4,39,,59,19,9,1,,,1994-06-01,85.0,,1,1,,Horowitz spreadsheet,32,2.3,233,3.3,3.3
205,4,40,,,23,30,23,,,,224.0,,1,1,,http://www.spec.org/cpu95/results/res99q1/cpu95-19990201-03403.html,64,210.0,17,,
206,4,40,,,23,30,23,,,,248.0,,1,1,,http://www.spec.org/cpu95/results/res99q1/cpu95-19990201-03399.html,64,,,,
207,4,40,,,23,30,1,,,1999-04-01,272.0,,1,1,50.0,Horowitz spreadsheet,64,2.7,240,3.3,3.3
208,4,40,,,23,30,32,,,,296.0,,1,1,,http://www.spec.org/cpu95/results/res99q2/cpu95-19990601-03679.html,,,,,
209,4,40,,,24,36,31,,,1998-05-01,360.0,,1,1,25.0,Horowitz spreadsheet,64,,,2.6,2.6
210,4,40,,,24,36,31,,,,400.0,,1,1,,http://www.spec.org/cpu2000/results/res2001q1/cpu2000-20010213-00459.html,,,,,
211,4,40,,,24,36,32,,,1999-05-01,450.0,,1,1,21.0,http://www.spec.org/cpu2000/results/res2001q1/cpu2000-20010213-00458.html,64,,126,1.9,1.9
212,4,40,,,24,36,31,,,,501.0,,1,1,,http://www.spec.org/cpu2000/results/res2001q1/cpu2000-20010213-00457.html,,,,,
213,4,40,,,24,36,32,,,,563.0,,1,1,,http://www.spec.org/cpu2000/results/res2001q1/cpu2000-20010213-00452.html,,,,,
214,4,40,,,25,36,31,,,,600.0,,1,1,,http://www.spec.org/cpu2000/results/res2001q3/cpu2000-20010814-00799.html,,,,,
215,4,40,,,25,36,32,,,,675.0,,1,1,,http://www.spec.org/cpu2000/results/res2001q4/cpu2000-20011022-01061.html,,,,,
216,4,40,,,25,36,31,,,,700.0,,1,1,,http://www.spec.org/cpu2000/results/res2002q3/cpu2000-20020701-01436.html,,,,,
217,4,40,,,25,36,32,,,,788.0,,1,1,,http://www.spec.org/cpu2000/results/res2002q3/cpu2000-20020701-01434.html,,,,,
218,4,40,,,25,36,32,,,,810.0,,1,1,,http://www.spec.org/cpu2000/results/res2002q3/cpu2000-20020701-01430.html,,,,,
219,4,41,,60,108,37,1,,,,1080.0,,1,1,,http://www.spec.org/cpu2000/results/res2003q2/cpu2000-20030506-02176.html,,,,,
220,4,41,,60,108,38,1,,,,1100.0,,1,1,,http://www.spec.org/cpu2000/results/res2003q2/cpu2000-20030506-02172.html,,,,,
221,4,41,,60,108,37,1,,,,1320.0,,1,1,,http://www.spec.org/cpu2000/results/res2004q1/cpu2000-20031226-02691.html,,,,,
222,4,41,,60,108,37,1,,,,1350.0,,1,1,,http://www.spec.org/cpu2000/results/res2003q3/cpu2000-20030617-02275.html,,,,,
223,4,41,,61,107,39,1,,,,1650.0,,1,1,,http://www.spec.org/cpu2000/results/res2006q1/cpu2000-20051212-05275.html,,,,,
224,4,41,,61,107,39,1,,,,1870.0,,1,1,,http://www.spec.org/cpu2000/results/res2005q1/cpu2000-20050208-03825.html,,,,,
225,4,41,,61,107,39,1,,,,1890.0,,1,1,,http://www.spec.org/cpu2000/results/res2004q2/cpu2000-20040518-03044.html,,,,,
226,4,41,,61,107,39,1,,,,1980.0,,1,1,,http://www.spec.org/cpu2000/results/res2006q1/cpu2000-20051212-05267.html,,,,,
227,4,41,,61,107,39,1,,,,2025.0,,1,1,,http://www.spec.org/cpu2000/results/res2005q2/cpu2000-20050419-04032.html,,,,,
228,4,41,,61,107,40,1,,,,2160.0,,1,1,,http://www.spec.org/cpu2000/results/res2006q1/cpu2000-20051212-05283.html,,,,,
229,4,42,,62,27,41,1,,,2008-07-01,2520.0,,2,4,,http://www.spec.org/cpu2006/results/res2008q4/cpu2006-20081023-05678.html,,600.0,,,
230,4,42,,62,27,41,1,,,2008-07-01,2750.0,,2,4,,http://www.spec.org/cpu2006/results/res2010q1/cpu2006-20091217-09277.html,,600.0,,,
231,4,43,,,22,22,19,,,1996-09-01,170.0,,1,1,9.0,http://en.wikipedia.org/wiki/TurboSPARC,64,3.0,132,3.3,3.3
232,22,44,,,20,36,1,,,1995-10-01,101.0,,1,1,,http://www.spec.org/cpu95/results/res96q2/cpu95-960513-00808.html,,,,,
233,22,44,,,20,36,1,,,1995-10-01,118.0,,1,1,,http://www.spec.org/cpu95/results/res96q2/cpu95-960513-00806.html,,,,,
234,22,45,,,21,36,1,,,,141.0,,1,1,,http://www.spec.org/cpu95/results/res97q2/cpu95-970414-01778.html,,,,,
235,22,45,,,21,36,1,,,,161.0,,1,1,,http://www.spec.org/cpu95/results/res97q2/cpu95-970414-01792.html,,,,,
236,5,46,,,28,42,19,12,,1994-06-01,120.0,,1,1,17.0,http://www.openpa.net/pa-risc_processor_hitachi-harp-1.html,32,2.8,267,3.3,3.3
237,6,47,,,34,1,43,,,,50.0,,1,1,,http://www.spec.org/cpu95/results/res96q1/cpu95-960131-00128.html,,0.58,201,,
238,6,48,,63,33,1,44,13,,,100.0,,1,1,,http://www.openpa.net/pa-risc_processor_pa-7100.html,,0.85,196,,
239,6,48,,63,33,1,44,13,,,125.0,,1,1,,http://performance.netlib.org/performance/html/spec.7351i.cint92.12_95.notes.html#{Hewlett-Packard HP 9000 Series 700 Model 735/125 125 Mhz PA-RISC 7100},,0.85,196,,
240,6,48,,63,33,1,44,13,,,50.0,,1,1,,http://performance.netlib.org/performance/html/spec.h35-510.cint92.6_94.notes.html#{Hitachi; Ltd. Hitatchi 3500/510 50Mhz PA-RISC 7100},,0.85,196,,
241,6,48,,63,33,1,44,13,,,80.0,,1,1,,http://performance.netlib.org/performance/html/spec.h35-530.cint92.6_94.notes.html#{Hitachi; Ltd. Hitatchi 3500/530 80Mhz PA-RISC 7100},,0.85,196,,
242,6,48,,63,33,1,45,13,,,90.0,,1,1,,http://performance.netlib.org/performance/html/spec.hp9t500.cint92.3_95.notes.html#{Hewlett Packard Company Hewlett Packard 9000 Model T500 90 Mhz PA-RISC 7100},,0.85,196,,
243,6,49,,64,32,46,47,,,,100.0,,1,1,,http://www.spec.org/cpu95/results/res96q4/cpu95-961107-01462.html,,,,,
244,6,49,,64,32,46,16,,,,48.0,,1,1,,http://performance.netlib.org/performance/html/spec.hpe25.cint92.12_94.notes.html#{Hewlett-Packard HP9000 Model E25 48MHZ PA-RISC 7100LC},,,,,
245,6,49,,64,32,46,16,,,,60.0,,1,1,,http://www.spec.org/cpu95/results/res96q4/cpu95-960904-01271.html,,,,,
246,6,49,,64,32,46,47,,,,64.0,,1,1,,http://performance.netlib.org/performance/html/spec.hp71564.cint92.9_94.notes.html#{Hewlett-Packard HP 9000 Series 700 Model 715/64 64Mhz PA-RISC 7100LC},,,,,
247,6,49,,64,32,46,47,,,,75.0,,1,1,,http://www.spec.org/cpu95/results/res96q1/cpu95-960205-00381.html,,,,,
248,6,49,,64,32,46,47,,,,80.0,,1,1,,http://www.spec.org/cpu95/results/res96q4/cpu95-960904-01278.html,,,,,
249,6,49,,64,32,46,48,,,,96.0,,1,1,,http://performance.netlib.org/performance/html/spec.hpe55.cint92.12_94.notes.html#{Hewlett-Packard HP9000 Model E55 96Mhz PA-RISC 7100LC},,,,,
250,6,50,,,33,1,45,,,,120.0,,1,1,,http://www.spec.org/cpu95/results/res96q3/cpu95-960829-01214.html,,,,,
251,6,50,,,33,1,44,,,,125.0,,1,1,,http://www.spec.org/cpu95/results/res9509/p028.html,,,,,
252,6,50,,,33,1,44,,,,99.0,,1,1,,http://performance.netlib.org/performance/html/spec.hp73599.cint92.12_94.notes.html#{Hewlett-Packard HP 9000 Series 700 Model 735/99 99Mhz PA-RISC 7150},,,,,
253,6,51,,65,29,1,44,,,,100.0,,1,1,29.0,http://www.spec.org/cpu95/results/res9512/p026.html,,,,,
254,6,51,,65,29,1,44,,,,120.0,,1,1,29.0,http://www.spec.org/cpu95/results/res9512/p027.html,,,,,
255,6,52,12,,30,30,21,14,,1996-09-01,132.0,,1,1,,http://www.spec.org/cpu95/results/res96q4/cpu95-961107-01444.html,,,,,
256,6,52,12,,30,30,21,14,,1996-09-01,160.0,,1,1,15.0,Horowitz spreadsheet,32,9.0,259,3.3,3.3
257,6,52,12,,30,30,21,14,,1996-09-01,180.0,,1,1,,http://www.spec.org/cpu95/results/res97q3/cpu95-970829-02091.html,32,,,,
258,6,53,13,66,31,1,49,15,,1995-11-02,160.0,,1,1,,http://www.spec.org/cpu95/results/res96q2/cpu95-960607-00858.html,64,,,,
259,6,53,13,66,31,1,45,15,,1995-11-02,180.0,,1,1,,http://www.spec.org/cpu95/results/res96q2/cpu95-960607-00854.html,64,,,,
260,6,54,14,67,31,1,50,,,,200.0,,1,1,,http://www.spec.org/cpu95/results/res97q3/cpu95-970618-01942.html,64,,,,
261,6,54,14,67,31,1,50,,,,236.0,,1,1,,http://www.spec.org/cpu95/results/res98q1/cpu95-980105-02335.html,64,,,,
262,6,54,14,67,31,1,50,,,,240.0,,1,1,,http://www.spec.org/cpu95/results/res98q1/cpu95-980213-02432.html,64,,,,
263,6,55,15,67,65,51,1,16,,,300.0,,1,1,,http://www.spec.org/cpu95/results/res99q3/cpu95-19990816-03767.html,64,,,,
264,6,55,15,67,65,51,1,16,,,360.0,,1,1,,http://www.spec.org/cpu95/results/res99q2/cpu95-19990510-03602.html,64,,,,
265,6,55,15,67,65,51,1,16,,,367.0,,1,1,,http://www.spec.org/cpu95/results/res98q4/cpu95-981204-03211.html,64,,,,
266,6,55,15,67,65,51,1,16,,,400.0,,1,1,,http://www.spec.org/cpu2000/results/res2000q4/cpu2000-20001106-00300.html,64,,,,
267,6,55,15,67,65,51,1,16,,1998-09-01,440.0,,1,1,42.0,Horowitz spreadsheet,64,140.0,467,2.0,2.0
268,6,56,16,68,65,51,1,,,2000-01-01,440.0,,1,1,,http://www.spec.org/cpu2000/results/res1999q4/cpu2000-19991130-00028.html,,,,,
269,6,56,16,68,65,51,1,,,2000-01-01,500.0,,1,1,,http://www.spec.org/cpu2000/results/res2001q2/cpu2000-20010424-00601.html,,,,,
270,6,56,16,68,65,51,1,,,2000-01-01,550.0,,1,1,,http://www.spec.org/cpu2000/results/res2000q4/cpu2000-20001105-00282.html,,,,,
271,6,56,16,68,65,51,1,,,2000-11-01,552.0,,1,1,53.0,http://www.spec.org/cpu2000/results/res2000q1/cpu2000-20000313-00044.html,64,140.0,467,2.0,2.0
272,6,57,17,69,39,52,1,17,,,625.0,,1,1,,http://www.spec.org/cpu2000/results/res2002q1/cpu2000-20011221-01155.html,,,,,
273,6,57,17,69,39,52,1,17,,,650.0,,1,1,,http://www.spec.org/cpu2000/results/res2001q4/cpu2000-20011023-01079.html,,,,,
274,6,57,17,69,39,52,1,17,,2001-05-01,750.0,,1,1,42.0,Horowitz spreadsheet,64,186.0,306,1.65,1.65
275,6,58,18,69,39,52,1,,,,875.0,,1,1,,http://www.spec.org/cpu2000/results/res2002q4/cpu2000-20021004-01707.html,,,,,
276,7,59,,70,48,53,1,,,1997-10-01,160.0,,1,1,,http://www.spec.org/cpu95/results/res97q4/cpu95-971124-02281.html,32,,,,
277,7,59,,71,42,1,54,,,,59.0,,1,1,,http://www.spec.org/cpu95/results/res96q2/cpu95-960401-00539.html,32,23.0,1215,,
278,7,59,,72,42,1,55,,,,66.0,,1,1,,http://www.spec.org/cpu95/results/res96q2/cpu95-960401-00523.html,32,,,,
279,7,59,,72,42,1,56,,,,67.0,,1,1,,http://www.spec.org/cpu95/results/res9509/p033.html,32,,,,
280,7,59,,72,42,1,55,,,,71.0,,1,1,,http://www.spec.org/cpu95/results/res96q2/cpu95-960401-00535.html,32,,,,
281,7,59,,70,46,57,1,,,1996-10-01,77.0,,1,1,,http://www.spec.org/cpu95/results/res9509/p034.html,32,15.0,335,,
282,7,60,,,48,54,31,18,,1998-10-05,200.0,,1,1,,http://www.spec.org/cpu2000/results/res1999q4/cpu2000-19991130-00016.html,64,15.0,270,,
283,7,60,,,48,54,31,18,,1998-10-05,222.0,,1,1,,http://www.spec.org/cpu95/results/res99q4/cpu95-19991105-03896.html,64,15.0,270,,
284,7,60,,,48,54,31,18,,1998-10-05,375.0,,1,1,,http://www.spec.org/cpu95/results/res2000q1/cpu95-20000124-04026.html,64,15.0,270,,
285,7,61,,,49,54,31,,,,333.0,,1,1,,http://www.spec.org/cpu2000/results/res2002q1/cpu2000-20020207-01238.html,64,23.0,170,,
286,7,61,,,49,54,31,,,,375.0,,1,1,,http://www.spec.org/cpu2000/results/res2001q4/cpu2000-20011105-01108.html,64,23.0,170,,
287,7,61,,,49,54,31,,,,400.0,,1,1,,http://www.spec.org/cpu2000/results/res2000q1/cpu2000-20000125-00034.html,64,23.0,170,,
288,7,61,,,49,54,31,,,,450.0,,1,1,,http://www.spec.org/cpu2000/results/res2002q1/cpu2000-20020128-01226.html,64,23.0,170,,
289,7,62,20,73,38,58,27,,,2001-01-01,1000.0,,1,1,115.0,http://www.spec.org/cpu2000/results/res2003q3/cpu2000-20030623-02296.html,64,184.0,267,,
290,7,62,20,73,38,58,27,,,,1200.0,,1,1,115.0,http://www.spec.org/cpu2000/results/res2003q2/cpu2000-20030527-02195.html,64,184.0,267,,
291,7,62,20,73,38,58,27,,,,1450.0,,1,1,115.0,http://www.spec.org/cpu2000/results/res2003q3/cpu2000-20030623-02298.html,64,184.0,267,,
292,7,63,21,,38,59,60,,,,1500.0,,2,2,,http://en.wikipedia.org/wiki/POWER5,64,276.0,389,1.2,1.2
293,7,63,21,,38,59,60,,,,1650.0,,2,2,,http://en.wikipedia.org/wiki/POWER5,64,276.0,389,1.2,1.2
294,7,63,21,,38,59,60,,,2004-06-01,1900.0,,2,2,100.0,http://en.wikipedia.org/wiki/POWER5,64,276.0,389,1.2,1.2
295,7,63,21,,38,59,60,,,,2100.0,,2,2,,http://en.wikipedia.org/wiki/POWER5,64,276.0,389,1.2,1.2
296,7,63,21,,38,59,60,,,,2200.0,,2,2,,http://en.wikipedia.org/wiki/POWER5,64,276.0,389,1.2,1.2
297,7,63,21,,38,59,60,,,,2300.0,,2,2,,http://en.wikipedia.org/wiki/POWER5,64,276.0,389,1.2,1.2
298,7,64,19,,36,61,1,,,2007-05-01,3500.0,,2,2,160.0,Horowitz spreadsheet,64,790.0,341,0.8,1.2
299,7,64,19,,36,61,1,,,2007-05-01,3800.0,,2,2,160.0,Horowitz spreadsheet,64,790.0,341,0.8,1.2
300,7,64,19,,36,61,1,,,2007-05-01,4200.0,,2,2,160.0,Horowitz spreadsheet,64,790.0,341,0.8,1.2
301,7,64,19,,36,61,1,,,2007-05-01,4700.0,,2,2,160.0,Horowitz spreadsheet,64,790.0,341,0.8,1.2
302,7,64,19,,36,61,1,,,2007-05-01,5000.0,,2,2,160.0,Horowitz spreadsheet,64,790.0,341,0.8,1.2
303,7,65,78,,35,62,1,,,2010-02-01,3550.0,,4,8,200.0,Horowitz spreadsheet,64,1200.0,567,,
304,7,65,78,,35,62,1,,,2010-02-01,3700.0,,4,6,200.0,Horowitz spreadsheet,64,1200.0,567,,
305,7,66,30,74,47,10,1,26,740,1997-08-01,266.0,,1,1,8.0,Horowitz spreadsheet,32,6.35,67,2.6,2.6
306,7,66,30,74,47,10,1,26,750,1998-10-01,400.0,,1,1,8.0,Horowitz spreadsheet,32,6.35,67,2.6,2.6
307,7,67,,75,37,63,1,,970FX,,2200.0,,1,1,11.0,http://www.spec.org/cpu2000/results/res2004q4/cpu2000-20041011-03436.html,64,,,,
308,7,68,23,,45,64,1,20,,1995-02-01,66.0,,1,1,1.2,Horowitz spreadsheet,32,1.0,50,3.3,3.3
309,7,69,,,45,18,1,21,,1993-09-01,80.0,,1,1,2.2,Horowitz spreadsheet,32,1.6,83,3.3,3.3
310,7,70,,,45,10,1,25,,1995-07-01,133.0,,1,1,30.0,Horowitz spreadsheet,64,7.0,311,3.3,3.3
311,7,71,,,48,54,1,,,1998-10-01,200.0,,1,1,,Horowitz spreadsheet,64,,270,2.5,2.5
312,7,72,22,,44,65,1,19,,1993-04-01,66.0,,1,1,6.5,Horowitz spreadsheet,32,2.8,121,3.6,3.6
313,7,72,22,,44,65,19,19,,1993-04-01,75.0,,1,1,6.5,http://performance.netlib.org/performance/html/spec.bullm101.cint92.9_95.notes.html#{BULL S.A. ESCALA 75Mhz PowerPC 601},32,2.8,121,3.6,3.6
314,7,72,22,,44,65,21,19,,,80.0,,1,1,,http://www.spec.org/cpu95/results/res9509/p032.html,32,2.8,121,3.6,3.6
315,7,73,,,45,65,1,,,1995-06-01,120.0,,1,1,5.6,Horowitz spreadsheet,32,2.8,121,3.3,3.3
316,7,69,,,45,18,20,21,,1995-02-01,66.0,,1,1,3.0,http://performance.netlib.org/performance/html/spec.mo603662.cint92.3_95.notes.html#{Motorola; Inc. PowerStack 603 Series E 66MHz 603 Power PC},32,1.6,85,3.3,3.3
317,7,74,24,,45,22,1,22,,1995-10-01,100.0,,1,1,3.5,Horowitz spreadsheet,32,2.6,98,3.3,3.3
318,7,74,24,,45,22,20,22,,,166.0,,1,1,,http://www.spec.org/cpu95/results/res96q4/cpu95-961122-01533.html,32,2.6,78,3.3,3.3
319,7,75,,,41,22,1,23,,1996-05-01,200.0,,1,1,5.5,Horowitz spreadsheet,32,2.6,80,2.5,2.5
320,7,75,,,41,22,1,23,,1997-04-01,300.0,,1,1,3.5,Horowitz spreadsheet,32,2.6,42,2.5,2.5
321,7,76,25,,40,22,1,24,,1994-12-01,100.0,,1,1,14.0,Horowitz spreadsheet,32,3.6,196,2.5,2.5
322,7,76,25,,40,22,21,24,,,112.0,,1,1,,http://www.spec.org/cpu95/results/res96q1/cpu95-960202-00136.html,32,3.6,196,2.5,2.5
323,7,76,25,,40,22,19,24,,,120.0,,1,1,,http://www.spec.org/cpu95/results/res9509/p036.html,32,3.6,196,2.5,2.5
324,7,76,25,,40,22,20,24,,,133.0,,1,1,,http://www.spec.org/cpu95/results/res96q1/cpu95-960219-00464.html,32,3.6,196,2.5,2.5
325,7,77,,,41,10,19,,,1996-07-01,166.0,,1,1,,http://www.spec.org/cpu95/results/res97q2/cpu95-970428-01831.html,32,5.1,96,2.5,2.5
326,7,77,,,41,10,23,,,1996-07-01,200.0,,1,1,,http://www.spec.org/cpu95/results/res97q3/cpu95-970623-01953.html,32,5.1,96,2.5,2.5
327,7,77,,,41,10,31,,,1996-07-01,225.0,,1,1,,http://www.spec.org/cpu95/results/res97q3/cpu95-970721-02001.html,32,5.1,148,2.5,2.5
328,7,77,,,41,10,21,,,1996-07-01,233.0,,1,1,,http://www.spec.org/cpu95/results/res97q2/cpu95-970414-01763.html,32,5.1,96,2.5,2.5
329,7,77,,,41,10,21,,,1996-07-01,250.0,,1,1,,http://www.spec.org/cpu2000/results/res2000q2/cpu2000-20000508-00093.html,32,5.1,96,2.5,2.5
330,7,78,,76,48,10,21,,,1997-08-01,300.0,,1,1,,http://www.spec.org/cpu95/results/res97q4/cpu95-971110-02240.html,32,5.1,47,1.9,1.9
331,7,78,,76,48,10,31,,,1997-08-01,320.0,,1,1,,http://www.spec.org/cpu95/results/res97q4/cpu95-970924-02146.html,32,5.1,47,1.9,1.9
332,7,78,,76,48,10,21,,,1997-08-01,332.0,,1,1,,http://www.spec.org/cpu95/results/res98q4/cpu95-981012-03115.html,32,5.1,47,1.9,1.9
333,7,78,,76,48,10,1,,,1997-08-01,350.0,,1,1,8.0,Horowitz spreadsheet,32,5.1,47,1.9,1.9
334,7,78,,76,48,10,31,,,1997-08-01,360.0,,1,1,,http://www.spec.org/cpu95/results/res97q4/cpu95-971106-02236.html,32,5.1,47,1.9,1.9
335,7,78,,76,48,10,21,,,1997-08-01,375.0,,1,1,,http://www.spec.org/cpu95/results/res98q4/cpu95-981012-03120.html,32,5.1,47,1.9,1.9
336,7,79,,77,39,36,23,,,,600.0,,2,1,15.0,http://www.spec.org/cpu2000/results/res2001q2/cpu2000-20010516-00640.html,64,44.0,128,,
337,7,79,,77,39,36,32,,,,750.0,,2,1,15.0,http://www.spec.org/cpu2000/results/res2001q3/cpu2000-20010809-00789.html,64,44.0,128,,
338,7,80,,78,41,30,31,,,,262.0,,2,1,27.0,http://www.spec.org/cpu95/results/res99q3/cpu95-19990830-03803.html,64,12.5,162,,
339,7,80,,78,41,30,31,,,,340.0,,2,1,27.0,http://www.spec.org/cpu2000/results/res1999q4/cpu2000-19991130-00017.html,64,12.5,162,,
340,7,81,,79,49,36,31,,,,400.0,,2,1,,http://www.spec.org/cpu95/results/res2000q1/cpu95-20000211-04054.html,64,34.0,140,,
341,7,81,,79,49,36,32,,,,450.0,,2,1,,http://www.spec.org/cpu95/results/res99q4/cpu95-19991022-03873.html,64,34.0,140,,
342,7,81,,79,49,36,31,,,,500.0,,2,1,,http://www.spec.org/cpu2000/results/res2000q2/cpu2000-20000505-00087.html,64,34.0,140,,
343,9,82,,,72,1,1,27,,1971-11-01,0.108,,1,1,0.5,Horowitz spreadsheet,4,0.0023,12,15.0,15.0
344,9,83,,,72,1,1,28,,1972-04-01,0.2,,1,1,1.0,Horowitz spreadsheet,8,0.0035,16,5.0,5.0
345,9,84,,,73,1,1,29,,1974-04-01,2.0,,1,1,0.8,Horowitz spreadsheet,8,0.006,20,5.0,5.0
346,9,85,,,55,1,1,,,1978-06-01,5.0,,1,1,1.7,Horowitz spreadsheet,16,0.029,33,5.0,5.0
347,9,85,,,55,1,1,,,1978-07-01,8.0,,1,1,1.8,Horowitz spreadsheet,,,33,5.0,5.0
348,9,85,,,55,1,1,,,1978-08-01,10.0,,1,1,1.8,Horowitz spreadsheet,,,33,5.0,5.0
349,9,86,,,55,1,1,30,,1979-06-01,8.0,,1,1,1.8,Horowitz spreadsheet,8,0.029,33,5.0,5.0
350,9,87,,,56,1,1,31,,1982-02-01,6.0,,1,1,3.3,Horowitz spreadsheet,16,0.134,47,5.0,5.0
351,9,87,,,56,1,1,31,,1982-03-01,10.0,,1,1,3.3,Horowitz spreadsheet,,,47,5.0,5.0
352,9,87,,,56,1,1,31,,1982-04-01,12.0,,1,1,3.3,Horowitz spreadsheet,,,47,5.0,5.0
353,9,88,55,,56,1,1,32,,1985-10-01,16.0,,1,1,1.7,Horowitz spreadsheet,32,0.275,103,5.0,5.0
354,9,88,55,,57,1,1,32,,1987-02-01,20.0,,1,1,1.3,Horowitz spreadsheet,,,46,5.0,5.0
355,9,88,55,,57,1,1,32,,1988-04-01,25.0,,1,1,1.6,Horowitz spreadsheet,,,46,5.0,5.0
356,9,88,55,,57,1,1,32,,1989-04-01,33.0,,1,1,2.0,Horowitz spreadsheet,,,46,5.0,5.0
357,9,89,56,,57,2,1,33,,1989-04-01,25.0,,1,1,3.0,Horowitz spreadsheet,32,1.2,81,5.0,5.0
358,9,89,56,,57,2,1,33,,1990-05-01,33.0,,1,1,3.5,Horowitz spreadsheet,,,81,5.0,5.0
359,9,89,56,,58,2,1,33,,1991-06-01,50.0,,1,1,4.0,Horowitz spreadsheet,,,76,5.0,5.0
360,9,90,,,54,2,1,34,,1992-08-01,66.0,,1,1,5.8,Horowitz spreadsheet,,,76,5.0,5.0
361,9,91,,,53,15,1,35,,1994-03-01,100.0,,1,1,4.1,Horowitz spreadsheet,,1.6,87,3.3,3.3
362,9,92,79,80,60,66,1,,230,2008-06-03,1600.0,,2,1,4.0,http://ark.intel.com/Product.aspx?id=35635,32,47.0,26,0.75,1.1
363,9,92,79,80,60,66,1,,330,2008-09-01,1600.0,,2,2,8.0,http://ark.intel.com/Product.aspx?id=35641&processor=330&spec-codes=SLG9Y,32,94.0,52,1.16,1.16
364,9,92,79,81,60,66,1,,D510,2009-12-21,1667.0,,2,2,13.0,http://ark.intel.com/Product.aspx?id=43098,,,,,
365,9,92,,82,60,66,1,,E660,2010-09-14,1300.0,,2,1,3.6,http://ark.intel.com/Product.aspx?id=52495,32,,,0.75,0.9
366,9,92,,83,60,66,1,,E665,2010-11-22,1300.0,,2,1,7.0,http://ark.intel.com/Product.aspx?id=53872,32,,,0.8,1.175
367,9,92,79,80,60,66,1,,N270,2008-06-03,1600.0,,2,1,,http://ark.intel.com/Product.aspx?id=36331,32,,,0.75,1.1
368,9,92,79,80,60,66,1,,N280,2009-02-06,1666.0,,2,1,2.5,http://ark.intel.com/Product.aspx?id=41411,32,,,0.75,1.1
369,9,92,79,81,60,66,1,,N450,2009-12-21,1666.0,,2,1,2.5,http://ark.intel.com/Product.aspx?id=42503,32,,,,
370,9,92,79,84,60,66,1,,Z520,2008-04-02,1330.0,,2,1,2.0,http://ark.intel.com/Product.aspx?id=35466,32,47.0,26,0.75,1.1
371,9,92,79,84,60,66,1,,Z530,2008-04-02,1600.0,,2,1,2.0,http://ark.intel.com/Product.aspx?id=35463,32,47.0,26,0.75,1.1
372,9,93,32,85,61,67,1,,440,,2000.0,,1,1,,spec website,,,,,
373,9,93,32,86,61,67,1,,445,,1866.0,,1,1,,spec website,,,,,
374,9,93,50,87,65,68,1,,300A,1998-08-01,300.0,,1,1,17.8,http://ark.intel.com/Product.aspx?id=27183,,7.5,154,2.0,2.0
375,9,93,50,88,65,22,1,,,,266.0,,1,1,,http://www.spec.org/cpu95/results/res98q2/cpu95-980429-02755.html,,,,,
376,9,93,50,88,65,22,1,,,,300.0,,1,1,,http://www.spec.org/cpu95/results/res99q2/cpu95-19990329-03483.html,,,,,
377,9,93,50,87,65,69,1,,,,333.0,,1,1,,http://www.spec.org/cpu95/results/res99q2/cpu95-19990329-03482.html,,,,,
378,9,93,50,87,65,69,1,,,,366.0,,1,1,,http://www.spec.org/cpu95/results/res99q2/cpu95-19990329-03478.html,,,,,
379,9,93,50,87,65,69,1,,,,400.0,,1,1,,http://www.spec.org/cpu95/results/res99q2/cpu95-19990329-03481.html,,,,,
380,9,93,50,87,65,69,1,,,,433.0,,1,1,,http://www.spec.org/cpu95/results/res99q2/cpu95-19990329-03491.html,,,,,
381,9,93,36,89,60,70,1,,E3200,2009-08-30,2400.0,,1,2,65.0,http://ark.intel.com/Product.aspx?id=42770,64,,82,0.85,1.3625
382,9,93,36,89,60,70,1,,E3300,2009-08-30,2500.0,,1,2,65.0,http://ark.intel.com/Product.aspx?id=42771,64,,82,0.85,1.3625
383,9,93,42,90,59,71,1,,G1101,,2267.0,,1,2,,spec website,,,,,
384,9,93,34,91,60,70,1,,SU2300,2009-09-27,1200.0,,1,2,10.0,http://ark.intel.com/Product.aspx?id=42779,64,410.0,107,1.05,1.15
385,9,93,31,92,61,70,1,,560,2007-12-30,2130.0,,1,1,31.0,http://ark.intel.com/Product.aspx?id=34439,64,291.0,143,0.95,1.3
386,9,94,32,93,61,72,1,,E4300,2007-01-01,1800.0,,1,2,65.0,merged,64,167.0,111,0.85,1.5
387,9,94,32,93,61,72,1,,E4500,2007-07-01,2200.0,,1,2,65.0,Horowitz spreadsheet,64,167.0,111,0.85,1.5
388,9,94,32,93,61,72,1,,E4600,2007-10-01,2400.0,,1,2,65.0,merged,64,167.0,111,1.162,1.312
389,9,94,32,94,61,72,1,,E6300,2006-07-01,1867.0,,1,2,65.0,merged,64,291.0,143,0.85,1.5
390,9,94,32,94,61,72,1,,E6305,,1866.0,,1,2,65.0,merged,64,,,,
391,9,94,32,94,61,72,1,,E6400,2006-07-01,2133.0,,1,2,65.0,merged,64,291.0,143,0.85,1.5
392,9,94,32,94,61,72,1,,E6405,,2133.0,,1,2,65.0,merged,64,,,,
393,9,94,32,94,61,73,1,,E6600,2006-07-01,2400.0,,1,2,65.0,merged,64,291.0,143,0.85,1.5
394,9,94,32,94,61,73,1,,E6700,2006-07-01,2667.0,,1,2,65.0,merged,64,291.0,143,0.85,1.5
395,9,94,32,94,61,73,1,,E6750,2007-07-01,2666.0,,1,2,65.0,merged,64,291.0,143,0.85,1.5
396,9,94,32,94,61,73,1,,E6850,2007-07-01,3000.0,,1,2,65.0,merged,64,291.0,143,0.85,1.5
397,9,94,36,89,60,74,1,,E7200,2008-04-01,2533.0,,1,2,65.0,merged,64,420.0,107,0.85,1.3625
398,9,94,36,89,60,74,1,,E7300,2008-08-01,2666.0,,1,2,65.0,merged,64,420.0,107,0.85,1.3625
399,9,94,36,89,60,74,1,,E7400,2008-10-01,2800.0,,1,2,65.0,merged,64,420.0,107,0.85,1.3625
400,9,94,36,89,60,74,1,,E7500,2009-01-01,2930.0,,1,2,65.0,Horowitz spreadsheet,64,420.0,107,0.85,1.3625
401,9,94,36,89,60,74,1,,E7600,2009-05-01,3066.0,,1,2,65.0,merged,64,420.0,107,0.85,1.3625
402,9,94,36,95,60,75,1,45,E8200,2008-01-01,2667.0,,1,2,65.0,merged,64,410.0,107,0.85,1.3625
403,9,94,36,95,60,75,1,45,E8400,2008-01-01,3000.0,,1,2,65.0,merged,64,410.0,107,0.85,1.3625
404,9,94,36,95,60,75,1,45,E8500,2008-01-01,3166.0,,1,2,65.0,merged,64,410.0,107,0.85,1.3625
405,9,94,36,95,60,75,1,45,E8600,2008-08-01,3333.0,,1,2,65.0,merged,64,410.0,107,0.85,1.3625
406,9,94,34,91,60,74,1,,P8400,2008-06-01,2266.0,,1,2,25.0,merged,64,410.0,107,1.0,1.25
407,9,94,34,91,60,74,1,,P8600,2008-06-13,2400.0,,1,2,,Horowitz spreadsheet,,,,,
408,9,94,34,91,60,74,1,,SU9400,2008-09-01,1400.0,,1,2,10.0,Horowitz spreadsheet,64,410.0,107,1.05,1.15
409,9,94,31,92,61,72,1,46,T7100,2008-05-01,1800.0,,1,2,35.0,merged,64,291.0,143,0.9,1.175
410,9,94,31,92,61,73,1,46,T7400,2006-08-01,2167.0,,1,2,34.0,merged,64,291.0,143,1.0375,1.3
411,9,94,31,92,61,72,1,46,T5500,2006-08-28,1667.0,,1,2,34.0,http://ark.intel.com/Product.aspx?id=27253,64,291.0,143,1.0375,1.3
412,9,94,31,92,61,73,1,46,T7200,2006-08-28,2000.0,,1,2,34.0,http://ark.intel.com/Product.aspx?id=27255,64,291.0,143,1.0375,1.3
413,9,94,31,92,61,73,1,46,T7600,2006-08-01,2333.0,,1,2,34.0,merged,64,291.0,143,1.0375,1.3
414,9,94,31,92,61,73,1,46,T7700,2007-05-01,2400.0,,1,2,35.0,merged,64,291.0,143,1.0375,1.3
415,9,94,31,92,61,73,1,46,T7800,2007-09-01,2600.0,,1,2,35.0,merged,64,291.0,143,1.0375,1.3
416,9,94,34,96,60,75,1,44,T9400,2008-07-01,2533.0,,1,2,35.0,merged,64,410.0,107,1.05,1.162
417,9,94,34,96,60,75,1,44,T9500,2008-01-01,2600.0,,1,2,35.0,merged,64,410.0,107,1.062,1.15
418,9,94,34,96,60,75,1,44,T9600,,2800.0,,1,2,,spec website,64,,,,
419,9,94,34,96,60,75,1,44,T9900,2009-04-01,3066.0,,1,2,35.0,merged,64,410.0,107,1.05,1.2125
420,9,94,31,92,61,72,1,46,U7600,,1200.0,,1,2,,Horowitz spreadsheet,,,,,
421,9,95,32,97,61,73,1,,X6800,2006-07-01,2933.0,,1,2,75.0,merged,64,291.0,143,0.85,1.5
422,9,95,31,92,61,73,1,,X7800,,2600.0,,1,2,,spec website,,,,,
423,9,95,31,92,61,73,1,,X7900,2007-08-01,2800.0,,1,2,44.0,merged,64,291.0,143,1.0375,1.3
424,9,95,34,96,60,75,1,,X9000,2008-01-01,2800.0,,1,2,44.0,merged,64,410.0,107,1.062,1.15
425,9,96,33,98,61,76,1,,Q6600,2007-01-01,2400.0,,1,4,105.0,merged,64,582.0,286,1.1,1.372
426,9,96,33,98,61,76,1,,Q6700,2007-04-01,2667.0,,1,4,105.0,merged,64,582.0,286,1.1,1.372
427,9,96,35,99,60,77,1,47,Q8200,2008-08-01,2333.0,,1,4,95.0,merged,64,456.0,164,0.85,1.3625
428,9,96,35,99,60,77,1,47,Q8300,2008-11-01,2500.0,,1,4,95.0,merged,64,456.0,164,0.85,1.3625
429,9,96,35,99,60,77,1,47,Q8400,2009-04-01,2666.0,,1,4,95.0,merged,64,456.0,164,0.85,1.3625
430,9,96,35,99,60,78,1,47,Q9300,2008-03-01,2500.0,,1,4,95.0,merged,64,456.0,164,0.85,1.3625
431,9,96,35,99,60,78,1,47,Q9400,2008-08-01,2666.0,,1,4,95.0,merged,64,456.0,164,0.85,1.3625
432,9,96,35,99,60,79,1,47,Q9450,2008-03-01,2667.0,,1,4,95.0,merged,64,820.0,214,0.85,1.3625
433,9,96,35,99,60,79,1,47,Q9550,2008-03-01,2833.0,,1,4,95.0,merged,64,820.0,214,0.85,1.3625
434,9,96,35,99,60,79,1,47,Q9650,2008-08-01,3000.0,,1,4,95.0,merged,64,820.0,214,0.85,1.3625
435,9,97,33,98,61,76,1,,QX6700,2006-08-01,2667.0,,1,4,130.0,http://www.spec.org/cpu2000/results/res2006q4/cpu2000-20061113-08052.html,64,291.0,143,1.34,1.34
436,9,97,33,98,61,76,1,,QX6800,2007-04-01,2933.0,,1,4,130.0,Horowitz spreadsheet,64,582.0,286,1.1,1.372
437,9,97,33,98,61,76,1,,QX6850,2007-07-01,3000.0,,1,4,130.0,Horowitz spreadsheet,64,582.0,286,1.1,1.372
438,9,97,33,98,60,79,1,,QX9300,2008-08-01,2530.0,,1,4,45.0,Horowitz spreadsheet,64,820.0,214,1.05,1.175
439,9,97,33,98,60,79,1,,QX9650,2007-11-01,3000.0,,1,4,130.0,Horowitz spreadsheet,64,820.0,214,0.85,1.3625
440,9,97,33,98,60,79,1,,QX9770,2008-03-01,3200.0,,1,4,136.0,Horowitz spreadsheet,64,820.0,214,0.85,1.3625
441,9,98,34,100,60,74,1,,SU3500,2009-04-01,1400.0,,1,1,5.5,Horowitz spreadsheet,64,410.0,107,1.05,1.15
442,9,99,53,101,61,72,1,48,T2300,,1667.0,,1,2,,http://www.spec.org/cpu2000/results/res2006q1/cpu2000-20060110-05375.html,,,,,
443,9,99,53,101,61,72,1,48,T2400,2006-01-01,1833.0,,1,2,31.0,merged,32,151.0,90,0.762,1.3
444,9,99,53,101,61,72,1,48,T2500,,2000.0,,1,2,,spec website,,,,,
445,9,99,53,101,61,72,1,48,T2600,2006-01-01,2167.0,,1,2,31.0,merged,32,151.0,90,0.762,1.3
446,9,99,53,101,61,72,1,48,T2700,2006-06-01,2333.0,,1,2,31.0,Horowitz spreadsheet,32,151.0,90,0.762,1.3
447,9,100,42,102,60,80,1,49,330M,2010-01-07,2130.0,,2,2,35.0,http://ark.intel.com/Product.aspx?id=47663,64,382.0,81,0.775,1.4
448,9,100,42,102,60,80,1,49,380M,2010-09-26,2530.0,,2,2,35.0,http://ark.intel.com/Product.aspx?id=50178,64,382.0,81,0.775,1.4
449,9,100,42,90,59,81,1,50,530,2010-01-01,2933.0,,2,2,73.0,merged,64,382.0,81,0.65,1.4
450,9,100,42,90,59,81,1,50,540,2010-01-01,3067.0,,2,2,73.0,merged,64,382.0,81,0.65,1.4
451,9,100,42,90,59,81,1,50,550,2010-05-01,3200.0,,1,2,73.0,merged,64,382.0,81,0.65,1.4
452,9,100,42,90,59,81,1,50,560,2010-08-01,3333.0,,1,2,73.0,merged,64,382.0,81,0.65,1.4
453,9,101,42,102,59,80,1,,460M,2010-09-26,2530.0,2800.0,2,2,35.0,http://ark.intel.com/Product.aspx?id=50179,64,177.0,81,0.775,1.4
454,9,101,42,102,59,80,1,,560M,2010-09-26,2667.0,3200.0,2,2,35.0,http://ark.intel.com/Product.aspx?id=49653,64,177.0,81,0.775,1.4
455,9,101,42,90,59,81,1,51,650,2010-01-01,3200.0,3460.0,1,2,73.0,merged,64,382.0,81,0.65,1.4
456,9,101,42,90,59,81,1,51,660,2010-01-01,3333.0,3600.0,1,2,73.0,merged,64,382.0,81,0.65,1.4
457,9,101,42,90,59,81,1,51,661,2010-01-01,3333.0,3600.0,2,2,87.0,merged,64,382.0,81,0.65,1.4
458,9,101,42,90,59,81,1,51,670,2010-01-01,3467.0,3730.0,2,2,73.0,merged,64,382.0,81,0.65,1.4
459,9,101,42,90,59,81,1,51,680,2010-04-01,3600.0,3870.0,1,2,73.0,merged,64,382.0,81,0.65,1.4
460,9,101,42,103,60,82,1,,750,2009-09-01,2667.0,3200.0,1,4,95.0,merged,64,774.0,296,0.762,1.4
461,9,101,42,90,59,80,1,51,520E,2010-01-01,2400.0,,2,2,35.0,merged,64,381.0,81,0.65,1.4
462,9,102,42,104,60,83,1,,720QM,2009-09-23,1600.0,2800.0,2,4,45.0,http://ark.intel.com/Product.aspx?id=43122,64,774.0,296,0.65,1.4
463,9,102,42,103,60,82,1,,860,2009-09-01,2800.0,3460.0,1,4,95.0,merged,64,774.0,296,0.65,1.4
464,9,102,42,103,60,82,1,,870,2009-09-01,2933.0,3600.0,1,4,95.0,merged,64,774.0,296,0.65,1.4
465,9,102,42,105,60,82,1,52,920,2008-11-01,2667.0,2930.0,2,4,130.0,merged,64,731.0,263,0.8,1.375
466,9,102,42,105,60,82,1,52,940,2008-11-01,2933.0,3200.0,2,4,130.0,merged,64,731.0,263,0.8,1.375
467,9,102,42,105,60,82,1,52,950,2009-05-01,3060.0,3330.0,2,4,130.0,merged,64,731.0,263,0.8,1.375
468,9,102,42,105,60,82,1,52,965,2008-11-01,3200.0,3460.0,2,4,130.0,Horowitz spreadsheet,64,731.0,263,0.8,1.375
469,9,102,42,105,60,82,1,52,975,2009-05-01,3333.0,3600.0,2,4,130.0,merged,64,731.0,263,0.8,1.375
470,9,102,42,102,59,81,1,,610E,2010-01-01,2533.0,,2,2,35.0,merged,64,382.0,81,0.775,1.4
471,9,102,42,106,60,82,1,,965X,2008-10-01,3200.0,3460.0,2,4,130.0,merged,64,731.0,263,0.8,1.375
472,9,102,42,105,60,82,1,52,975X,2009-05-01,3333.0,,2,4,130.0,Horowitz spreadsheet,64,731.0,263,0.8,1.375
473,9,102,42,106,59,84,1,,980X,2010-03-01,3333.0,3600.0,2,6,130.0,merged,64,1170.0,248,0.8,1.375
474,9,102,54,107,59,82,1,,2600,2011-01-09,3400.0,3800.0,2,4,95.0,http://ark.intel.com/Product.aspx?id=52213,64,995.0,216,,
475,9,103,39,108,64,85,1,36,,,733.0,,1,1,,http://www.spec.org/cpu2000/results/res2001q2/cpu2000-20010522-00666.html,,,,,
476,9,103,39,108,64,85,1,36,,2001-05-01,800.0,,1,1,130.0,Horowitz spreadsheet,64,25.0,300,1.65,1.65
477,9,104,40,109,62,86,1,,9015,,1400.0,,1,2,,spec website,,,,,
478,9,104,40,109,62,86,1,,9020,,1600.0,,1,2,,spec website,,,,,
479,9,104,40,109,62,87,1,,9040,,1600.0,,1,2,,spec website,,,,,
480,9,104,40,109,62,88,1,,9050,,1600.0,,1,2,,spec website,,,,,
481,9,104,41,110,62,88,1,,9120N,2007-10-01,1400.0,,2,2,104.0,Horowitz spreadsheet,64,1720.0,596,,
482,9,104,41,110,62,87,1,,9140M,,1666.0,,2,2,,spec website,,,,,
483,9,104,41,110,62,89,1,,9150N,2007-10-01,1600.0,,2,2,104.0,Horowitz spreadsheet,64,1720.0,596,,
484,9,104,41,110,62,90,1,,9152M,2007-10-01,1666.0,,2,2,104.0,Horowitz spreadsheet,64,1720.0,596,,
485,9,104,38,111,64,91,1,37,,2002-07-01,1000.0,,1,1,130.0,http://www.spec.org/cpu2000/results/res2003q1/cpu2000-20030310-01973.html,,221.0,421,1.5,1.5
486,9,104,37,112,63,91,1,,,,1300.0,,1,1,,http://www.spec.org/cpu2000/results/res2003q4/cpu2000-20031117-02648.html,,,,,
487,9,104,37,112,63,92,1,,,,1400.0,,1,1,,http://www.spec.org/cpu2000/results/res2003q3/cpu2000-20030905-02458.html,,,,,
488,9,104,37,112,63,93,1,,,,1496.0,,1,1,,http://www.spec.org/cpu2000/results/res2004q2/cpu2000-20040528-03068.html,,,,,
489,9,104,37,112,63,94,1,,,,1500.0,,1,1,,http://www.spec.org/cpu2000/results/res2003q3/cpu2000-20030711-02384.html,,,,,
490,9,104,37,112,63,94,1,,,,1596.0,,1,1,,http://www.spec.org/cpu2000/results/res2004q2/cpu2000-20040528-03064.html,,,,,
491,9,104,37,112,63,95,1,,,2004-11-01,1600.0,,1,1,130.0,http://www.spec.org/cpu2000/results/res2004q4/cpu2000-20041110-03563.html,,592.0,432,1.2,1.2
492,9,104,37,112,63,95,1,,,,1666.0,,1,1,,http://www.spec.org/cpu2000/results/res2005q3/cpu2000-20050712-04382.html,,,,,
493,9,104,38,111,64,96,1,37,,,900.0,,1,1,,http://www.spec.org/cpu2000/results/res2002q4/cpu2000-20021119-01863.html,,,,,
494,9,105,32,93,61,70,1,,E2140,2007-06-01,1600.0,,1,2,65.0,Horowitz spreadsheet,64,105.0,77,1.162,1.312
495,9,105,32,93,61,70,1,,E2160,2007-06-01,1800.0,,1,2,65.0,merged,64,105.0,77,1.162,1.312
496,9,105,32,93,61,70,1,,E2200,2007-12-01,2200.0,,1,2,65.0,Horowitz spreadsheet,64,105.0,77,0.85,1.5
497,9,105,36,95,60,72,1,,E5200,2008-08-01,2500.0,,1,2,65.0,merged,64,228.0,82,0.85,1.3625
498,9,105,36,95,60,72,1,,E5300,2008-11-01,2600.0,,1,2,65.0,merged,64,228.0,82,0.85,1.3625
499,9,105,42,90,59,80,1,,G6950,2010-01-01,2800.0,,1,2,73.0,merged,64,382.0,81,0.65,1.4
500,9,105,49,113,53,18,21,,,1994-07-01,100.0,,1,1,3.9,Horowitz spreadsheet,,,148,3.3,3.3
501,9,105,49,114,53,18,21,,,1995-03-01,120.0,,1,1,5.1,Horowitz spreadsheet,,,91,3.3,3.3
502,9,105,49,115,68,18,21,,,1995-06-01,133.0,,1,1,4.3,Horowitz spreadsheet,,3.3,83,3.3,3.3
503,9,105,49,115,68,18,1,,,,150.0,,1,1,,http://www.spec.org/cpu95/results/res96q2/cpu95-960610-00924.html,,,,3.3,3.3
504,9,105,49,115,68,18,1,,,1996-06-01,166.0,,1,1,5.4,Horowitz spreadsheet,,,83,3.3,3.3
505,9,105,49,116,65,22,1,,,1996-06-01,200.0,,1,1,6.5,Horowitz spreadsheet,,,83,3.3,3.3
506,9,105,49,116,65,22,1,,,,233.0,,1,1,,http://www.spec.org/cpu95/results/res97q3/cpu95-970623-01963.html,,,,,
507,9,105,49,117,54,18,20,38,,1993-03-01,60.0,,1,1,13.0,http://performance.netlib.org/performance/html/spec.sni5t60.cint92.12_94.notes.html#{Siemens Nixdorf Informationssysteme PCD-5T 60  60 Mhz Pentium},32,3.2,294,5.0,5.0
508,9,105,49,117,54,18,20,38,,1993-03-01,66.0,,1,1,13.0,Horowitz spreadsheet,32,3.2,294,5.0,5.0
509,9,105,49,113,53,18,19,,,,75.0,,1,1,,http://www.spec.org/cpu95/results/res96q2/cpu95-960610-00919.html,,,,,
510,9,105,49,113,53,18,19,,,,90.0,,1,1,,http://www.spec.org/cpu95/results/res96q2/cpu95-960610-00923.html,,,,,
511,9,105,34,96,60,72,1,,SU2700,2009-05-01,1300.0,,1,1,10.0,Horowitz spreadsheet,64,410.0,107,1.05,1.15
512,9,106,45,118,62,97,1,,520,,2800.0,,2,1,,http://www.spec.org/cpu2000/results/res2004q4/cpu2000-20041115-03594.html,,,,,
513,9,106,45,118,62,97,1,,521,,2800.0,,2,1,,http://www.spec.org/cpu2000/results/res2006q1/cpu2000-20060121-05444.html,,,,,
514,9,106,45,118,62,97,1,,530,,3000.0,,2,1,,http://www.spec.org/cpu2000/results/res2004q4/cpu2000-20041115-03592.html,,,,,
515,9,106,45,118,62,97,1,,531,,3000.0,,2,1,,Horowitz spreadsheet,,,,,
516,9,106,45,118,62,97,1,,560,2004-06-21,3600.0,,2,1,115.0,Horowitz spreadsheet,,,112,1.2,1.425
517,9,106,45,118,62,97,1,,570,,3800.0,,2,1,,http://www.spec.org/cpu2000/results/res2004q4/cpu2000-20041115-03590.html,,,,,
518,9,106,45,119,62,98,1,,630,,3000.0,,2,1,,http://www.spec.org/cpu2000/results/res2005q4/cpu2000-20051031-05014.html,,,,,
519,9,106,46,120,61,98,1,,631,,3000.0,,2,1,,http://www.spec.org/cpu2000/results/res2006q2/cpu2000-20060428-05903.html,,,,,
520,9,106,45,119,62,98,1,,640,,3200.0,,2,1,,http://www.spec.org/cpu2000/results/res2005q4/cpu2000-20051208-05142.html,,,,,
521,9,106,45,119,62,98,1,,650,,3400.0,,2,1,,http://www.spec.org/cpu2000/results/res2005q4/cpu2000-20051208-05144.html,,,,,
522,9,106,46,120,61,98,1,,651,,3400.0,,2,1,,http://www.spec.org/cpu2000/results/res2006q2/cpu2000-20060428-05896.html,,,,,
523,9,106,45,119,62,98,1,,660,,3600.0,,2,1,115.0,http://www.spec.org/cpu2000/results/res2006q2/cpu2000-20060521-06009.html,,,,,
524,9,106,45,119,62,98,1,,670,2005-12-01,3800.0,,2,1,115.0,Horowitz spreadsheet,,169.0,135,1.5,1.5
525,9,106,43,121,64,99,1,40,,2000-11-01,1500.0,,1,1,52.0,Horowitz spreadsheet,32,42.0,217,1.7,1.7
526,9,106,43,121,64,99,1,40,,2001-09-01,2000.0,,1,1,57.0,Horowitz spreadsheet,,,217,1.7,1.7
527,9,106,44,122,63,100,1,39,,2002-01-01,2200.0,,1,1,55.0,Horowitz spreadsheet,,55.0,145,1.5,1.5
528,9,106,44,122,63,100,1,39,,,2260.0,,1,1,,http://www.spec.org/cpu2000/results/res2003q3/cpu2000-20030616-02246.html,,,,,
529,9,106,44,122,63,100,1,39,,2002-04-02,2400.0,,1,1,59.8,http://ark.intel.com/Product.aspx?spec=SL6EF,,,,,
530,9,106,44,122,63,100,1,39,,2002-05-01,2533.0,,1,1,59.0,Horowitz spreadsheet,,,131,1.5,1.5
531,9,106,44,122,63,100,1,39,,,2600.0,,1,1,,http://www.spec.org/cpu2000/results/res2003q3/cpu2000-20030616-02251.html,,,,,
532,9,106,44,122,63,100,1,39,,,2800.0,,1,1,,http://www.spec.org/cpu2000/results/res2003q3/cpu2000-20030616-02255.html,,,,,
533,9,106,44,122,63,100,1,39,,2002-11-01,3000.0,,1,1,73.0,Horowitz spreadsheet,,,131,1.5,1.5
534,9,106,44,122,63,100,1,39,,,3200.0,,2,1,,http://www.spec.org/cpu2000/results/res2003q3/cpu2000-20030616-02263.html,,,,,
535,9,106,44,122,63,100,1,39,,,3400.0,,2,1,,http://www.spec.org/cpu2000/results/res2004q2/cpu2000-20040614-03077.html,,,,,
536,9,107,45,119,62,101,1,,,,3800.0,,1,1,,http://www.spec.org/cpu2000/results/res2005q2/cpu2000-20050516-04125.html,,,,,
537,9,107,45,119,62,101,1,,,2005-02-21,3733.0,,2,1,109.0,Horowitz spreadsheet,,169.0,135,1.5,1.5
538,9,108,47,123,62,102,1,,805,2005-12-01,2667.0,,1,2,95.0,merged,64,230.0,206,1.2,1.4
539,9,108,47,123,62,102,1,,820,,2800.0,,1,2,,http://www.spec.org/cpu2000/results/res2005q4/cpu2000-20051208-05150.html,,,,,
540,9,108,47,123,62,102,1,,840,,3200.0,,1,2,,http://www.spec.org/cpu2000/results/res2005q4/cpu2000-20051208-05156.html,,,,,
541,9,108,48,124,61,103,1,,920,2006-01-01,2800.0,,1,2,95.0,merged,64,376.0,162,1.2,1.3375
542,9,108,48,124,61,103,1,,925,2006-10-01,3000.0,,1,2,95.0,merged,64,376.0,162,1.2,1.3375
543,9,108,48,124,61,103,1,,930,2006-01-01,3000.0,,1,2,95.0,merged,64,376.0,162,1.2,1.3375
544,9,108,48,124,61,103,1,,940,2006-01-01,3200.0,,1,2,95.0,merged,64,376.0,162,1.2,1.3375
545,9,108,48,124,61,103,1,,945,2006-07-01,3400.0,,1,2,95.0,Horowitz spreadsheet,64,376.0,162,1.2,1.3375
546,9,108,48,124,61,103,1,,950,2006-01-01,3400.0,,1,2,95.0,merged,64,376.0,162,1.2,1.3375
547,9,108,48,124,61,103,1,,960,2006-05-01,3600.0,,1,2,95.0,merged,64,376.0,162,1.2,1.3375
548,9,109,48,124,61,103,1,,955,,3466.0,,2,2,,http://www.spec.org/cpu2000/results/res2006q2/cpu2000-20060321-05809.html,,,,,
549,9,109,48,124,61,103,1,,965,,3733.0,,2,2,,spec website,,,,,
550,9,110,50,125,66,104,1,41,,,233.0,,1,1,,http://www.spec.org/cpu95/results/res97q2/cpu95-970530-01889.html,,,,2.8,2.8
551,9,110,50,125,66,104,1,41,,,266.0,,1,1,,http://www.spec.org/cpu95/results/res97q2/cpu95-970530-01887.html,,,,2.8,2.8
552,9,110,50,125,66,104,1,41,,1997-05-01,300.0,,1,1,12.0,Horowitz spreadsheet,32,7.5,203,2.8,2.8
553,9,110,50,126,65,104,1,,,1998-01-01,333.0,,1,1,14.0,Horowitz spreadsheet,,,113,2.0,2.0
554,9,110,50,126,65,104,1,,,,350.0,,1,1,,http://www.spec.org/cpu95/results/res98q2/cpu95-980411-02592.html,,,,,
555,9,110,50,126,65,104,1,,,,400.0,,1,1,,http://www.spec.org/cpu95/results/res98q2/cpu95-980411-02593.html,,,,,
556,9,110,50,126,65,104,1,,,,450.0,,1,1,,http://www.spec.org/cpu95/results/res98q3/cpu95-980831-03018.html,,,,,
557,9,111,51,127,64,105,1,42,,2000-03-01,1000.0,,1,1,22.0,Horowitz spreadsheet,,,90,1.7,1.7
558,9,111,51,127,64,105,1,42,,,1100.0,,1,1,,http://www.spec.org/cpu2000/results/res2001q3/cpu2000-20010827-00830.html,,,,,
559,9,111,51,127,64,104,1,42,,,1113.0,,1,1,,http://www.spec.org/cpu2000/results/res2002q1/cpu2000-20020102-01158.html,,,,,
560,9,111,51,127,64,105,1,42,,,1130.0,,1,1,,http://www.spec.org/cpu2000/results/res2000q3/cpu2000-20000801-00172.html,,,,,
561,9,111,51,127,64,104,1,42,,,1133.0,,1,1,,http://www.spec.org/cpu2000/results/res2002q1/cpu2000-20020102-01160.html,,,,,
562,9,111,51,128,63,104,1,,,,1200.0,,1,1,,http://www.spec.org/cpu2000/results/res2002q4/cpu2000-20020927-01701.html,,,,,
563,9,111,51,128,63,104,1,,,,1266.0,,1,1,,http://www.spec.org/cpu2000/results/res2002q1/cpu2000-20020115-01207.html,,,,,
564,9,111,51,128,63,104,1,,,,1400.0,,1,1,,http://www.spec.org/cpu2000/results/res2002q1/cpu2000-20020102-01165.html,,,,,
565,9,111,51,129,65,104,1,,,,450.0,,1,1,,http://www.spec.org/cpu2000/results/res2002q1/cpu2000-20020311-01276.html,,,,,
566,9,111,51,129,65,104,1,,,1999-02-01,500.0,,1,1,19.0,Horowitz spreadsheet,32,9.5,128,2.0,2.0
567,9,111,51,129,65,104,1,,,,550.0,,1,1,,http://www.spec.org/cpu95/results/res99q3/cpu95-19990830-03826.html,,,,,
568,9,111,51,129,65,104,1,,,,600.0,,1,1,,http://www.spec.org/cpu95/results/res99q4/cpu95-19991108-03913.html,,,,,
569,9,111,51,127,64,105,1,42,,,650.0,,1,1,,http://www.spec.org/cpu2000/results/res2000q1/cpu2000-20000314-00060.html,,,,,
570,9,111,51,127,64,105,1,42,,,667.0,,1,1,,http://www.spec.org/cpu2000/results/res2000q1/cpu2000-20000314-00058.html,,,,,
571,9,111,51,127,64,105,1,42,,,700.0,,1,1,,http://www.spec.org/cpu2000/results/res1999q4/cpu2000-19991130-00025.html,,,,,
572,9,111,51,127,64,105,1,42,,1999-10-01,733.0,,1,1,16.0,Horowitz spreadsheet,,28.0,106,1.65,1.65
573,9,111,51,127,64,105,1,42,,,750.0,,1,1,,http://www.spec.org/cpu2000/results/res2000q1/cpu2000-20000314-00064.html,,,,,
574,9,111,51,127,64,105,1,42,,,800.0,,1,1,,http://www.spec.org/cpu2000/results/res2000q4/cpu2000-20001129-00410.html,,,,,
575,9,111,51,127,64,105,1,42,,,850.0,,1,1,,http://www.spec.org/cpu2000/results/res2000q3/cpu2000-20000704-00163.html,,,,,
576,9,111,51,127,64,105,1,42,,,866.0,,1,1,,Horowitz spreadsheet,,,,,
577,9,111,51,127,64,105,1,42,,,933.0,,1,1,,http://www.spec.org/cpu2000/results/res2000q4/cpu2000-20001129-00412.html,,,,,
578,9,112,52,130,62,72,1,,730,,1600.0,,1,1,,http://www.spec.org/cpu2000/results/res2006q1/cpu2000-20060117-05393.html,,,,,
579,9,112,52,130,62,72,1,,750,,1867.0,,1,1,,spec website,,,,,
580,9,112,52,130,62,72,1,,755,,2000.0,,1,1,,http://www.spec.org/cpu2000/results/res2004q2/cpu2000-20040614-03081.html,,,,,
581,9,112,52,130,62,72,1,,760,,2000.0,,1,1,,Horowitz spreadsheet,,,,,
582,9,112,52,130,62,72,1,,780,,2266.0,,1,1,,http://www.spec.org/cpu2000/results/res2005q3/cpu2000-20050805-04445.html,,,,,
583,9,112,52,131,63,70,1,,,,1300.0,,1,1,22.0,http://ark.intel.com/Product.aspx?id=27574,32,77.0,83,0.956,1.388
584,9,112,52,131,63,70,1,,,,900.0,,1,1,7.0,http://ark.intel.com/Product.aspx?id=27612,32,77.0,83,0.844,1.004
585,9,113,49,132,66,22,1,,,1997-01-01,200.0,,1,1,7.3,Horowitz spreadsheet,,4.5,140,2.8,2.8
586,9,113,49,132,66,22,1,,,1997-06-01,233.0,,1,1,7.9,Horowitz spreadsheet,,,140,2.8,2.8
587,9,114,,,52,106,1,43,,,150.0,,1,1,,http://www.spec.org/cpu95/results/res96q2/cpu95-960610-00942.html,,,,,
588,9,114,,,68,107,1,43,,,166.0,,1,1,,http://www.spec.org/cpu95/results/res96q2/cpu95-960429-00748.html,,,,,
589,9,114,,,68,106,1,43,,,180.0,,1,1,,http://www.spec.org/cpu95/results/res96q2/cpu95-960610-00946.html,,,,,
590,9,114,,,68,106,1,43,,1995-11-01,200.0,,1,1,,http://www.spec.org/cpu95/results/res96q2/cpu95-960610-00950.html,,,,,
591,9,115,32,94,61,72,1,,3040,2007-01-01,1860.0,,1,1,65.0,http://ark.intel.com/Product.aspx?id=27203,64,167.0,111,1.225,1.325
592,9,115,32,94,61,72,1,,3050,2007-01-01,2133.0,,1,2,65.0,http://ark.intel.com/Product.aspx?id=27204,64,167.0,111,1.225,1.325
593,9,115,32,94,61,73,1,,3060,2007-10-01,2400.0,,1,1,65.0,merged,64,291.0,143,0.85,1.3625
594,9,115,32,94,61,73,1,,3065,2007-10-01,2333.0,,1,2,65.0,merged,64,291.0,143,0.85,1.3625
595,9,115,32,94,61,73,1,,3070,2007-10-01,2660.0,,1,2,65.0,Horowitz spreadsheet,64,291.0,143,0.85,1.3625
596,9,115,32,94,61,73,1,,3075,2007-10-01,2660.0,,1,2,65.0,Horowitz spreadsheet,64,291.0,143,0.85,1.3625
597,9,115,32,94,61,73,1,,3085,2007-10-01,3000.0,,1,2,65.0,Horowitz spreadsheet,64,291.0,143,0.85,1.3625
598,9,115,,133,61,103,1,,5050,,3000.0,,1,2,,http://www.spec.org/cpu2000/results/res2006q3/cpu2000-20060829-07152.html,,,,,
599,9,115,,133,61,103,1,,5080,,3733.0,,1,2,,http://www.spec.org/cpu2000/results/res2006q3/cpu2000-20060722-06629.html,,,,,
600,9,115,,134,61,73,1,,5110,2006-06-01,1600.0,,1,2,65.0,merged,64,291.0,143,1.0,1.5
601,9,115,,134,61,73,1,,5120,2006-06-01,1866.0,,1,2,65.0,merged,64,291.0,143,1.0,1.5
602,9,115,,134,61,73,1,,5130,2006-06-01,2000.0,,1,2,65.0,merged,64,291.0,143,1.0,1.5
603,9,115,,134,61,73,1,,5140,2006-06-01,2333.0,,1,2,65.0,http://www.spec.org/cpu2000/results/res2006q3/cpu2000-20060807-06961.html,64,291.0,143,1.0,1.5
604,9,115,,134,61,73,1,,5150,2006-06-01,2660.0,,1,2,65.0,merged,64,291.0,143,1.0,1.5
605,9,115,,134,61,73,1,,5160,2006-06-01,3000.0,,1,2,80.0,merged,64,291.0,143,1.0,1.5
606,9,115,,135,61,97,1,,7020,,2660.0,,1,1,,http://www.spec.org/cpu2000/results/res2006q2/cpu2000-20060515-05976.html,,,,,
607,9,115,,135,61,98,1,,7041,,3000.0,,1,1,,http://www.spec.org/cpu2000/results/res2006q2/cpu2000-20060515-05987.html,,,,,
608,9,115,,136,61,108,1,,7110M,2006-08-01,2600.0,,1,2,95.0,merged,64,,,1.1,1.35
609,9,115,,136,61,108,1,,7120M,2006-08-01,3000.0,,1,2,95.0,merged,64,,,1.1,1.35
610,9,115,,136,61,109,1,,7130M,2006-08-01,3200.0,,1,2,150.0,merged,64,,,1.1,1.35
611,9,115,,136,61,110,1,,7140M,2006-08-01,3400.0,,1,2,150.0,merged,64,,,1.1,1.35
612,9,115,36,95,60,75,1,,E3110,2008-01-01,3000.0,,1,2,65.0,merged,64,410.0,107,0.85,1.3625
613,9,115,36,95,60,75,1,,E3113,,3000.0,,1,2,65.0,merged,64,,,0.95,1.21
614,9,115,36,95,60,75,1,,E3120,2008-07-01,3166.0,,1,2,65.0,merged,64,410.0,107,,1.3625
615,9,115,36,137,60,75,1,,E5205,2007-11-01,1860.0,,1,2,65.0,Horowitz spreadsheet,64,410.0,107,0.95,1.212
616,9,115,,138,61,76,1,,E5310,2006-11-01,1600.0,,1,4,80.0,Horowitz spreadsheet,64,582.0,286,1.0,1.5
617,9,115,,138,61,76,1,,E5320,2006-11-01,1860.0,,1,4,80.0,merged,64,582.0,286,1.0,1.5
618,9,115,,138,61,76,1,,E5335,2006-12-01,2000.0,,1,4,80.0,merged,64,582.0,286,1.0,1.5
619,9,115,,138,61,76,1,,E5345,2006-11-01,2330.0,,1,4,80.0,merged,64,582.0,286,1.0,1.5
620,9,115,36,139,60,79,1,,E5405,2007-11-01,2000.0,,1,4,80.0,Horowitz spreadsheet,64,820.0,214,0.85,1.35
621,9,115,36,139,60,79,1,,E5410,2007-11-01,2330.0,,1,4,80.0,Horowitz spreadsheet,64,820.0,214,0.85,1.35
622,9,115,36,139,60,79,1,,E5420,2007-11-01,2500.0,,1,4,80.0,Horowitz spreadsheet,64,820.0,214,0.85,1.35
623,9,115,36,139,60,79,1,,E5430,2007-11-01,2660.0,,1,4,80.0,Horowitz spreadsheet,64,820.0,214,0.85,1.35
624,9,115,36,139,60,79,1,,E5440,2007-11-01,2830.0,,1,4,80.0,Horowitz spreadsheet,64,820.0,214,0.85,1.35
625,9,115,36,139,60,79,1,,E5450,2007-11-01,3000.0,,1,4,120.0,Horowitz spreadsheet,64,820.0,214,0.85,1.35
626,9,115,36,139,60,79,1,,E5472,2007-11-01,3000.0,,1,4,80.0,Horowitz spreadsheet,64,820.0,214,0.85,1.35
627,9,115,42,140,60,81,1,,E5502,2009-03-01,1867.0,,1,2,80.0,merged,64,,263,0.75,1.35
628,9,115,42,140,60,81,1,,E5503,2009-03-01,2000.0,,1,2,80.0,Horowitz spreadsheet,64,,263,0.75,1.35
629,9,115,42,140,60,81,1,,E5504,2009-03-01,2000.0,,1,4,80.0,Horowitz spreadsheet,64,,263,0.75,1.35
630,9,115,42,140,60,81,1,,E5506,2009-03-01,2130.0,,1,4,80.0,Horowitz spreadsheet,64,,263,0.75,1.35
631,9,115,42,140,60,81,1,,E5507,2010-01-01,2260.0,,1,4,80.0,Horowitz spreadsheet,64,,263,0.75,1.35
632,9,115,42,140,60,82,1,,E5520,2009-03-01,2260.0,,2,4,80.0,Horowitz spreadsheet,64,,263,0.75,1.35
633,9,115,42,140,60,82,1,,E5530,2009-03-01,2400.0,,2,4,80.0,Horowitz spreadsheet,64,,263,0.75,1.35
634,9,115,42,140,60,82,1,,E5540,2009-03-01,2530.0,,2,4,80.0,Horowitz spreadsheet,64,,263,0.75,1.35
635,9,115,42,106,59,84,1,,E5620,2010-03-01,2400.0,,2,4,80.0,Horowitz spreadsheet,64,,,0.8,1.3
636,9,115,42,106,59,84,1,,E5630,2010-03-01,2530.0,,2,4,80.0,Horowitz spreadsheet,64,,,0.8,1.3
637,9,115,42,106,59,84,1,,E5640,2010-03-01,2670.0,,2,4,80.0,Horowitz spreadsheet,64,,,0.8,1.3
638,9,115,42,141,60,82,1,,EC5549,2010-02-10,2533.0,2933.0,2,4,85.0,http://ark.intel.com/Product.aspx?id=47639,,,,1.0,1.5
639,9,115,36,95,60,75,1,,L3110,2009-01-01,3000.0,,1,2,65.0,merged,64,820.0,214,0.85,1.3625
640,9,115,42,99,60,79,1,,L3360,2009-02-01,2833.0,,1,4,65.0,Horowitz spreadsheet,64,820.0,214,0.8625,1.212
641,9,115,42,90,59,81,1,,L3406,2010-03-01,2267.0,2530.0,1,2,30.0,merged,64,382.0,81,0.65,1.4
642,9,115,42,103,60,82,1,,L3426,2009-09-01,1867.0,3200.0,2,4,45.0,merged,64,774.0,296,0.65,1.4
643,9,115,36,95,60,75,1,,L5215,,1860.0,,1,2,20.0,Horowitz spreadsheet,64,410.0,107,0.85,1.35
644,9,115,36,95,60,75,1,,L5240,2008-03-01,3000.0,,1,2,40.0,Horowitz spreadsheet,64,410.0,107,0.85,1.35
645,9,115,,138,61,76,1,,L5320,2007-03-01,1860.0,,1,4,50.0,merged,64,582.0,286,1.1,1.325
646,9,115,,139,60,79,1,,L5408,2008-02-27,2133.0,,1,4,40.0,http://ark.intel.com/Product.aspx?id=34695,64,820.0,214,0.85,1.35
647,9,115,36,139,60,79,1,,L5410,2008-03-01,2330.0,,1,4,50.0,Horowitz spreadsheet,64,820.0,214,0.85,1.35
648,9,115,36,139,60,79,1,,L5420,2008-03-01,2500.0,,1,4,50.0,Horowitz spreadsheet,64,820.0,214,0.85,1.35
649,9,115,42,140,60,82,1,,L5520,2009-03-01,2260.0,,1,4,60.0,Horowitz spreadsheet,64,731.0,263,0.75,1.35
650,9,115,42,140,60,84,1,,L5609,2010-03-01,1860.0,,1,4,40.0,Horowitz spreadsheet,64,,,0.8,1.3
651,9,115,42,140,59,84,1,,L5630,2010-03-01,2130.0,2400.0,2,4,40.0,http://ark.intel.com/Product.aspx?id=47927,64,,,0.75,1.35
652,9,115,42,140,59,84,1,,L5640,2010-03-01,2266.0,2800.0,2,6,60.0,http://ark.intel.com/Product.aspx?id=47926,64,,,0.75,1.35
653,9,115,42,105,60,81,1,,W3503,2009-03-01,2400.0,,1,2,130.0,merged,64,,,0.8,1.225
654,9,115,42,105,60,81,1,,W3505,2009-03-01,2533.0,,1,2,130.0,merged,64,,,0.8,1.225
655,9,115,42,105,60,82,1,,W3520,2009-03-01,2667.0,2930.0,2,4,130.0,merged,64,731.0,263,0.8,1.375
656,9,115,42,105,60,82,1,,W3540,2009-03-01,2933.0,3200.0,2,4,130.0,merged,64,731.0,263,0.8,1.375
657,9,115,42,105,60,82,1,,W3550,2009-08-01,3067.0,3330.0,2,4,130.0,merged,64,731.0,263,0.8,1.375
658,9,115,42,105,60,82,1,,W3565,2009-11-01,3200.0,3460.0,2,4,130.0,merged,64,731.0,263,0.8,1.375
659,9,115,42,105,60,82,1,,W3570,2009-03-01,3200.0,3460.0,2,4,130.0,merged,64,731.0,263,0.8,1.375
660,9,115,42,105,60,82,1,,W3580,2009-03-01,3333.0,3600.0,2,4,130.0,merged,64,731.0,263,0.8,1.375
661,9,115,42,106,59,84,1,,W3670,,3200.0,3460.0,2,6,,spec website,,,,,
662,9,115,42,106,59,84,1,,W3680,2010-03-01,3333.0,3600.0,2,6,130.0,merged,64,,,0.8,1.3
663,9,115,42,140,60,82,1,,W5580,2009-03-01,3200.0,3460.0,2,4,130.0,merged,64,731.0,263,0.75,1.35
664,9,115,42,140,60,82,1,,W5590,2009-08-01,3330.0,,2,4,130.0,Horowitz spreadsheet,64,731.0,263,0.75,1.35
665,9,115,32,98,61,76,1,,X3210,2007-01-01,2133.0,,1,4,105.0,merged,64,582.0,286,1.1,1.372
666,9,115,32,98,61,76,1,,X3220,2007-01-01,2400.0,,1,4,105.0,merged,64,582.0,286,1.1,1.372
667,9,115,32,98,61,76,1,,X3230,2007-07-01,2660.0,,1,4,95.0,Horowitz spreadsheet,64,582.0,286,1.1,1.372
668,9,115,35,99,60,78,1,,X3320,2008-03-01,2500.0,,1,4,95.0,merged,64,,,0.962,1.212
669,9,115,35,99,60,78,1,,X3323,,2500.0,,1,4,80.0,merged,64,,,,
670,9,115,35,99,60,78,1,,X3330,2008-08-01,2666.0,,1,4,95.0,merged,64,456.0,164,0.85,1.3625
671,9,115,35,99,60,79,1,,X3350,2008-03-01,2666.0,,1,4,95.0,merged,64,820.0,214,0.95,1.212
672,9,115,35,99,60,79,1,,X3353,,2666.0,,1,4,80.0,merged,64,,,,
673,9,115,35,99,60,79,1,,X3360,2008-03-01,2833.0,,1,4,95.0,merged,64,820.0,214,0.962,1.237
674,9,115,35,99,60,79,1,,X3363,,2833.0,,1,4,80.0,merged,64,,,,
675,9,115,35,99,60,79,1,,X3370,2008-03-01,3000.0,,1,4,95.0,merged,64,820.0,214,0.962,1.362
676,9,115,35,99,60,79,1,,X3380,2009-02-01,3167.0,,1,4,95.0,merged,64,820.0,214,0.85,1.362
677,9,115,42,103,60,82,1,,X3430,2009-09-01,2400.0,2800.0,1,4,95.0,merged,64,774.0,296,0.7,1.4
678,9,115,42,103,60,82,1,,X3440,2009-09-01,2533.0,2930.0,2,4,95.0,merged,64,774.0,296,0.7,1.4
679,9,115,42,103,60,82,1,,X3450,2009-09-01,2667.0,3200.0,2,4,95.0,merged,64,774.0,296,0.7,1.4
680,9,115,42,103,60,82,1,,X3460,2009-09-01,2800.0,3460.0,2,4,95.0,merged,64,774.0,296,0.7,1.4
681,9,115,42,103,60,82,1,,X3470,2009-09-01,2933.0,3600.0,2,4,95.0,merged,64,774.0,296,0.7,1.4
682,9,115,42,103,60,82,1,,X3480,2009-09-01,3067.0,3730.0,2,4,95.0,merged,64,774.0,296,0.65,1.4
683,9,115,36,137,60,75,1,,X5260,2007-10-01,3333.0,3333.0,1,2,80.0,merged,64,410.0,107,0.85,1.35
684,9,115,36,137,60,75,1,,X5270,2008-09-01,3500.0,,1,2,80.0,Horowitz spreadsheet,64,410.0,107,0.85,1.35
685,9,115,36,137,60,75,1,,X5272,2007-11-01,3400.0,,1,2,80.0,Horowitz spreadsheet,64,410.0,107,0.85,1.35
686,9,115,,138,61,76,1,,X5355,2006-11-01,2666.0,,1,4,120.0,http://ark.intel.com/Product.aspx?id=28035,64,582.0,286,1.0,1.5
687,9,115,,138,61,76,1,,X5365,2007-04-01,3000.0,,1,4,150.0,merged,64,582.0,286,1.0,1.5
688,9,115,36,139,60,79,1,,X5450,2007-11-01,3000.0,,1,4,120.0,Horowitz spreadsheet,64,820.0,214,0.85,1.35
689,9,115,36,139,60,79,1,,X5460,2007-11-01,3166.0,,1,4,120.0,merged,64,820.0,214,0.85,1.35
690,9,115,36,139,60,79,1,,X5470,2008-09-01,3333.0,,1,4,120.0,merged,64,820.0,214,0.85,1.35
691,9,115,36,139,60,79,1,,X5472,2007-11-01,3000.0,,1,4,120.0,Horowitz spreadsheet,64,820.0,214,0.85,1.35
692,9,115,36,139,60,79,1,,X5482,2007-11-01,3200.0,,1,4,150.0,Horowitz spreadsheet,64,820.0,214,0.85,1.35
693,9,115,42,140,60,82,1,,X5550,2009-03-01,2670.0,,2,4,95.0,Horowitz spreadsheet,64,731.0,263,0.75,1.35
694,9,115,42,140,60,82,1,,X5560,2009-03-01,2800.0,,2,4,95.0,Horowitz spreadsheet,64,731.0,263,0.75,1.35
695,9,115,42,140,60,82,1,,X5570,2009-03-01,2933.0,3330.0,2,4,95.0,merged,64,731.0,263,0.75,1.35
696,9,115,42,106,59,84,1,,X5650,2010-03-01,2670.0,,2,6,95.0,Horowitz spreadsheet,64,,,0.8,1.3
697,9,115,42,106,59,84,1,,X5660,2010-03-01,2800.0,,2,6,95.0,Horowitz spreadsheet,64,,,0.8,1.3
698,9,115,42,106,59,111,1,,X5667,2010-03-01,3060.0,,2,4,95.0,Horowitz spreadsheet,64,,,0.8,1.3
699,9,115,42,106,59,84,1,,X5670,2010-03-01,2930.0,,2,6,95.0,Horowitz spreadsheet,64,,,0.8,1.3
700,9,115,42,106,59,111,1,,X5677,2010-03-01,3460.0,,2,4,130.0,Horowitz spreadsheet,64,,,0.8,1.3
701,9,115,42,106,59,84,1,,X5680,2010-03-01,3330.0,,2,6,130.0,Horowitz spreadsheet,64,,,0.8,1.3
702,17,116,57,142,82,10,23,53,,1996-01-01,180.0,,1,1,,http://www.spec.org/cpu95/results/res97q1/cpu95-970203-01619.html,64,6.8,298,3.3,3.3
703,17,116,57,142,82,10,21,53,,1996-01-01,195.0,,1,1,,http://www.spec.org/cpu95/results/res96q4/cpu95-960913-01320.html,64,6.8,298,3.3,3.3
704,17,116,57,142,82,10,21,53,,1996-01-01,196.0,,1,1,,http://www.spec.org/cpu95/results/res98q1/cpu95-980206-02411.html,64,6.8,298,3.3,3.3
705,17,116,57,142,82,10,31,53,,1996-01-01,200.0,,1,1,,http://www.spec.org/cpu95/results/res96q4/cpu95-961028-01408.html,64,6.8,298,3.3,3.3
706,17,116,57,142,82,10,21,53,,1996-01-01,250.0,,1,1,,http://www.spec.org/cpu95/results/res98q1/cpu95-980206-02410.html,64,6.8,298,3.3,3.3
707,17,117,59,,105,1,1,54,,1986-01-01,16.0,,1,1,3.0,Horowitz spreadsheet,32,0.11,80,5.0,5.0
708,17,118,60,,85,1,1,,,1988-06-01,40.0,,1,1,4.0,Horowitz spreadsheet,32,0.12,56,5.0,5.0
709,17,119,61,,84,18,1,55,,1992-06-01,100.0,,1,1,15.0,Horowitz spreadsheet,64,1.1,213,5.0,5.0
710,17,120,,,82,22,31,,R4400MC,1995-07-01,240.0,,1,1,,http://www.spec.org/cpu95/results/res96q3/cpu95-960624-00970.html,64,2.3,108,3.3,3.3
711,17,120,,,104,22,31,,R4400MC,1994-05-01,200.0,,1,1,,http://performance.netlib.org/performance/html/spec.sn4630.cint92.3_95.notes.html#{Siemens Nixdorf Informationssysteme RM400 Model 630 100/200MHz R4400MC},64,2.3,134,3.3,3.3
712,17,120,,,82,22,31,,R4400MC,1995-07-01,250.0,,1,1,,http://performance.netlib.org/performance/html/spec.sni420_1.cint92.12_95.notes.html#{Siemens Nixdorf Informationssysteme RM600 Model 420 250Mhz R4400MC},64,2.3,108,3.3,3.3
713,17,120,,,83,22,31,,R4400SC,1992-11-01,100.0,,1,1,15.0,http://performance.netlib.org/performance/html/spec.sni4330.cint92.12_94.notes.html#{Siemens Nixdorf Informationssysteme RM400 Model 330/340 50/100Mhz R4400SC},64,2.3,186,3.3,3.3
714,17,120,,,83,22,31,,R4400SC,1992-11-01,150.0,,1,1,15.0,http://performance.netlib.org/performance/html/spec.sni420_1.cint92.12_95.notes.html#{Siemens Nixdorf Informationssysteme RM600 Model 420 250Mhz R4400MC},64,2.3,186,3.3,3.3
715,17,120,,,83,22,21,,R4400SC,1992-11-01,175.0,,1,1,15.0,http://performance.netlib.org/performance/html/spec.sni420_1.cint92.12_95.notes.html#{Siemens Nixdorf Informationssysteme RM600 Model 420 250Mhz R4400MC},64,2.3,186,3.3,3.3
716,17,120,,,83,22,21,,R4400SC,1992-11-01,200.0,,1,1,15.0,http://performance.netlib.org/performance/html/spec.sgiind1.cint92.12_94.notes.html#{Silicon Graphics Indigo2 Extreme 200Mhz MIPS R4400SC},64,2.3,186,3.3,3.3
717,17,121,62,143,51,22,1,,R4600PC,1993-08-01,100.0,,1,1,,http://performance.netlib.org/performance/html/spec.sn200120.cint92.9_94.notes.html#{Siemens Nixdorf Informationssysteme RM200 Model 120/125 50/100 MHz R4600},,,,5.0,5.0
718,17,121,62,143,51,22,1,,R4600PC,1994-03-01,133.0,,1,1,,http://www.spec.org/cpu95/results/res9509/p037.html,,,,5.0,5.0
719,17,121,62,143,51,22,1,,R4600PC,1994-06-01,150.0,,1,1,3.0,Horowitz spreadsheet,64,1.9,77,5.0,5.0
720,17,121,62,143,51,22,19,,R4600SC,1994-03-01,133.0,,1,1,,http://performance.netlib.org/performance/html/spec.sg46133.cint92.3_95.notes.html#{Silicon Graphics Indigo2 133Mhz R4600SC},,,,5.0,5.0
721,17,122,63,,50,112,1,,,1996-01-01,150.0,,1,1,,http://www.spec.org/cpu95/results/res96q4/cpu95-960913-01322.html,64,3.6,84,3.3,3.3
722,17,122,63,,50,112,1,,,1996-01-01,180.0,,1,1,,http://www.spec.org/cpu95/results/res96q4/cpu95-960913-01321.html,64,3.6,84,3.3,3.3
723,17,122,63,,50,10,23,,,1996-01-01,200.0,,1,1,,http://www.spec.org/cpu95/results/res97q1/cpu95-970203-01620.html,64,3.6,84,3.3,3.3
724,17,122,63,,50,10,23,,,1996-01-01,250.0,,1,1,,http://www.spec.org/cpu95/results/res98q1/cpu95-980202-02403.html,64,3.6,84,3.3,3.3
725,17,123,64,,106,22,1,56,R8000,1994-06-07,75.0,,1,1,13.0,Horowitz spreadsheet,64,2.6,300,3.3,3.3
726,17,123,64,,106,22,1,56,R8010,1994-06-07,75.0,,1,1,13.0,Horowitz spreadsheet,64,2.6,300,3.3,3.3
727,17,124,,,,10,1,,,,1200.0,,,,,www.broadcom.com/docs/articles/MPR_11-22-10.pdf,32,,1,,
728,10,125,,,,1,1,,,,1.0,,1,1,,Horowitz spreadsheet,8,0.0068,16,5.0,5.0
729,10,126,65,,78,1,1,,,1979-09-01,14.0,,1,1,,Horowitz spreadsheet,16,0.068,44,5.0,5.0
730,10,127,66,,78,1,1,,,1983-06-01,14.0,,1,1,1.5,Horowitz spreadsheet,16,0.068,44,5.0,5.0
731,10,128,67,,77,113,1,57,,1984-04-01,25.0,,1,1,0.72,Horowitz spreadsheet,32,0.19,85,5.0,5.0
732,10,129,68,,76,113,1,,,1987-06-01,50.0,,1,1,,Horowitz spreadsheet,32,0.27,102,5.0,5.0
733,10,130,69,,75,64,1,,,1991-01-01,33.0,,1,1,6.0,Horowitz spreadsheet,32,1.2,164,5.0,5.0
734,10,131,70,,74,18,1,,,1994-04-01,66.0,,1,1,,Horowitz spreadsheet,32,2.4,198,3.3,3.3
735,10,132,,144,79,10,1,,7400,1999-08-01,500.0,,1,1,6.0,Horowitz spreadsheet,32,10.5,83,1.8,1.8
736,10,132,,145,80,11,1,,7450,2001-07-01,733.0,,1,1,23.0,Horowitz spreadsheet,32,33.0,106,1.8,1.8
737,23,133,,,45,22,1,,,1994-03-01,93.0,,1,1,9.0,Horowitz spreadsheet,32,3.5,165,4.0,4.0
738,24,134,,146,19,114,20,,,1994-06-01,100.0,,1,1,,http://performance.netlib.org/performance/html/spec.sunsparc.cint92.12_94.notes.html#{Sun Microsystems Inc. SPARCstation 20 Model HS II 100Mhz Hyper SPARC},32,1.5,327,3.3,3.3
739,24,134,,146,19,114,20,,,1994-06-01,125.0,,1,1,,http://performance.netlib.org/performance/html/spec.sunh21_1.cint92.6_95.notes.html#{Sun Microsystems; Inc. SPARCstation/server 20 Model HS21 125MHz HyperSPARC},32,1.5,327,3.3,3.3
740,24,134,,147,20,114,19,,,1995-08-01,150.0,,1,1,,Horowitz spreadsheet,32,1.5,,3.3,3.3
741,24,134,,148,12,114,20,,,1993-06-01,72.0,,1,1,,Horowitz spreadsheet,32,1.5,135,5.0,5.0
742,18,135,58,,103,10,31,58,,1998-11-01,270.0,,1,1,,http://www.spec.org/cpu95/results/res99q2/cpu95-19990329-03504.html,64,7.15,229,2.5,2.5
743,18,135,58,,103,10,31,58,,1998-11-01,300.0,,1,1,30.0,Horowitz spreadsheet,64,7.15,229,2.5,2.5
744,18,135,58,,103,10,31,58,,1998-11-01,350.0,,1,1,,http://www.spec.org/cpu2000/results/res2001q1/cpu2000-20010308-00510.html,64,7.15,229,2.5,2.5
745,18,135,58,,103,10,31,58,,1998-11-01,360.0,,1,1,,http://www.spec.org/cpu2000/results/res2000q2/cpu2000-20000604-00117.html,64,7.15,229,2.5,2.5
746,18,136,,,81,10,32,,,2000-07-01,400.0,,1,1,,http://www.spec.org/cpu2000/results/res2000q2/cpu2000-20000509-00095.html,64,,106,1.8,1.8
747,18,137,,,86,10,32,,,,500.0,,1,1,,http://www.spec.org/cpu2000/results/res2001q3/cpu2000-20010716-00753.html,64,,,,
748,18,138,,,87,10,32,,,,600.0,,1,1,17.0,http://www.spec.org/cpu2000/results/res2002q1/cpu2000-20020211-01260.html,64,,,,
749,19,139,,149,92,115,1,,,1991-06-01,50.0,,1,1,4.0,Horowitz spreadsheet,32,0.8,225,5.0,5.0
750,19,140,71,150,91,116,1,,,1992-06-01,40.0,,1,1,,http://www.spec.org/cpu95/results/res96q1/cpu95-960228-00490.html,32,3.1,256,5.0,5.0
751,19,140,71,150,91,116,21,,,1992-06-01,50.0,,1,1,,http://performance.netlib.org/performance/html/spec.sun1051.cint92.6_94.notes.html#{Sun Microsystems Inc. SPARCstation/server 10 Model 51 50Mhz SuperSPARC},32,3.1,256,5.0,5.0
752,19,140,71,150,91,116,21,,,1992-06-01,60.0,,1,1,14.2,http://performance.netlib.org/performance/html/spec.sun2061b.cint92.6_94.notes.html#{Sun Microsystems Inc. SPARCstation/server 20 Model 61 60Mhz SuperSPARC},32,3.1,256,5.0,5.0
753,19,141,72,151,91,116,21,,,1995-06-01,75.0,,1,1,,http://www.spec.org/cpu95/results/res9509/p039.html,32,3.1,299,3.3,3.3
754,19,141,72,151,91,116,1,,,1995-06-01,90.0,,1,1,16.0,Horowitz spreadsheet,32,3.1,299,3.3,3.3
755,19,142,73,152,96,22,19,59,,1995-11-01,143.0,,1,1,,http://www.spec.org/cpu95/results/res96q4/cpu95-961108-01465.html,64,5.2,315,3.3,3.3
756,19,142,73,152,96,22,19,59,,1995-11-01,167.0,,1,1,,http://www.spec.org/cpu95/results/res96q2/cpu95-960606-00850.html,64,5.2,315,3.3,3.3
757,19,142,73,152,96,22,19,59,,1995-11-01,200.0,,1,1,,http://www.spec.org/cpu95/results/res96q3/cpu95-960822-01175.html,64,5.2,315,3.3,3.3
758,19,142,73,152,96,22,21,59,,1995-11-01,248.0,,1,1,,http://www.spec.org/cpu95/results/res97q3/cpu95-970721-01989.html,64,5.2,315,3.3,3.3
759,19,142,73,152,96,22,23,59,,1995-11-01,296.0,,1,1,,http://www.spec.org/cpu95/results/res97q3/cpu95-970721-01999.html,64,5.2,315,3.3,3.3
760,19,143,74,153,97,22,31,,,,250.0,,1,1,25.0,http://www.spec.org/cpu95/results/res97q2/cpu95-970409-01744.html,64,5.4,149,2.5,2.6
761,19,143,74,153,97,22,23,,,,296.0,,1,1,25.0,http://www.spec.org/cpu95/results/res98q4/cpu95-981007-03100.html,64,5.4,149,2.5,2.6
762,19,143,74,153,97,22,23,,,,300.0,,1,1,25.0,http://www.spec.org/cpu95/results/res97q2/cpu95-970430-01842.html,64,5.4,149,2.5,2.6
763,19,143,74,153,97,22,31,,,,336.0,,1,1,25.0,http://www.spec.org/cpu95/results/res98q1/cpu95-980223-02459.html,64,5.4,149,2.5,2.6
764,19,143,74,154,98,22,31,,,,360.0,,1,1,21.0,http://www.spec.org/cpu95/results/res98q2/cpu95-980511-02760.html,64,5.4,126,1.9,1.9
765,19,143,74,154,98,22,32,,,,400.0,,1,1,21.0,http://www.spec.org/cpu2000/results/res2000q4/cpu2000-20001020-00268.html,64,5.4,126,1.9,1.9
766,19,143,74,154,98,22,31,,,,450.0,,1,1,21.0,http://www.spec.org/cpu2000/results/res2001q1/cpu2000-20010306-00491.html,64,5.4,126,1.9,1.9
767,19,143,74,154,98,22,32,,,,480.0,,1,1,21.0,http://www.spec.org/cpu2000/results/res2000q3/cpu2000-20000810-00176.html,64,5.4,126,1.9,1.9
768,19,144,,155,100,105,1,,,,500.0,,1,1,13.0,http://www.spec.org/cpu2000/results/res2001q1/cpu2000-20010306-00490.html,64,,,1.5,1.7
769,19,145,,156,97,22,20,,,,270.0,,1,1,21.0,http://www.spec.org/cpu95/results/res98q1/cpu95-980127-02356.html,64,5.4,156,1.9,1.9
770,19,145,,156,97,22,117,,,,300.0,,1,1,21.0,http://www.spec.org/cpu95/results/res98q1/cpu95-980128-02369.html,64,5.4,156,1.9,1.9
771,19,145,,156,97,22,23,,,,333.0,,1,1,21.0,http://www.spec.org/cpu2000/results/res1999q4/cpu2000-19991130-00003.html,64,5.4,156,1.9,1.9
772,19,145,,157,98,22,23,,,,360.0,,1,1,21.0,http://www.spec.org/cpu95/results/res98q4/cpu95-981118-03191.html,64,5.4,,1.9,1.9
773,19,145,,157,98,22,23,,,,400.0,,1,1,21.0,http://www.spec.org/cpu95/results/res2000q2/cpu95-20000317-04139.html,64,5.4,,1.9,1.9
774,19,145,,157,98,22,23,,,,440.0,,1,1,21.0,http://www.spec.org/cpu95/results/res99q2/cpu95-19990514-03652.html,64,5.4,,1.9,1.9
775,19,145,,158,99,104,1,,,,550.0,,1,1,17.6,http://www.spec.org/cpu2000/results/res2002q3/cpu2000-20020813-01557.html,64,,,1.7,1.7
776,19,145,,159,99,54,31,,,2000-09-01,600.0,,1,1,53.0,http://www.spec.org/cpu2000/results/res2000q3/cpu2000-20000911-00223.html,64,29.0,330,1.6,1.6
777,19,145,,158,99,104,1,,,,650.0,,1,1,17.6,http://www.spec.org/cpu2000/results/res2002q3/cpu2000-20020813-01555.html,64,,,1.7,1.7
778,19,145,75,159,101,54,32,,,2000-09-01,750.0,,1,1,,http://www.spec.org/cpu2000/results/res2000q3/cpu2000-20000911-00227.html,64,29.0,210,1.6,1.6
779,19,145,75,159,101,54,32,,,2000-09-01,900.0,,1,1,,http://www.spec.org/cpu2000/results/res2000q3/cpu2000-20000911-00219.html,64,29.0,210,1.7,1.7
780,19,146,,160,102,54,32,,,,1015.0,,1,1,80.0,http://www.spec.org/cpu2000/results/res2002q4/cpu2000-20021004-01703.html,64,29.0,232,1.6,1.6
781,19,146,,160,102,54,32,,,,1050.0,,1,1,80.0,http://www.spec.org/cpu2000/results/res2001q4/cpu2000-20011105-01099.html,64,29.0,232,1.6,1.6
782,19,146,,160,102,54,32,,,,1056.0,,1,1,80.0,http://www.spec.org/cpu2000/results/res2002q2/cpu2000-20020422-01317.html,64,29.0,232,1.6,1.6
783,19,146,,160,102,54,32,,,,1200.0,,1,1,80.0,http://www.spec.org/cpu2000/results/res2003q2/cpu2000-20030331-02006.html,64,29.0,232,1.6,1.6
784,19,147,,161,102,118,1,,,,1002.0,,1,1,52.0,http://www.spec.org/cpu2000/results/res2003q2/cpu2000-20030331-02010.html,64,87.5,206,1.3,1.3
785,19,147,,161,102,118,1,,,,1062.0,,1,1,52.0,http://www.spec.org/cpu2000/results/res2003q3/cpu2000-20030620-02291.html,64,87.5,206,1.3,1.3
786,19,147,,161,102,118,1,,,,1280.0,,1,1,52.0,http://www.spec.org/cpu2000/results/res2003q4/cpu2000-20030821-02435.html,64,87.5,206,1.3,1.3
787,19,147,,161,102,118,1,,,,1336.0,,1,1,52.0,http://www.spec.org/cpu2000/results/res2005q1/cpu2000-20050111-03700.html,64,87.5,206,1.3,1.3
788,19,147,,161,102,118,1,,,,1503.0,,1,1,52.0,http://www.spec.org/cpu2000/results/res2005q1/cpu2000-20050107-03678.html,64,87.5,206,1.3,1.3
789,19,147,,161,102,118,1,,,,1600.0,,1,1,52.0,http://www.spec.org/cpu2000/results/res2005q1/cpu2000-20050107-03680.html,64,87.5,206,1.3,1.3
790,19,148,76,162,94,119,1,,,2005-07-01,1400.0,,4,8,72.0,Horowitz spreadsheet,64,279.0,378,1.1,1.1
791,19,149,,163,93,120,1,,,2007-07-01,1400.0,,8,8,84.0,Horowitz spreadsheet,64,503.0,342,1.1,1.1
792,25,150,,,,1,1,60,,1976-07-01,2.5,,1,1,0.8,Horowitz spreadsheet,8,0.0085,18,5.0,5.0
793,9,92,,81,60,121,1,,D525,2010-04-01,1800.0,,2,2,13.0,http://ark.intel.com/products/49490,,,,0.8,1.175
